student_id,name,branch,cgpa,has_sql_skill,has_python_skill,company_name,role_type,year,round1_status,round2_status,round3_status,final_offer
S0001,Deborah Howell,Electrical,6.42,No,Yes,Deloitte,Tech,2025,Pass,Fail,NA,No
S0002,Angel Cohen,Civil,6.33,No,Yes,Infosys,Tech,2023,Pass,Fail,NA,No
S0003,Christian Stout,Civil,6.76,No,Yes,EY,Core,2024,Fail,NA,NA,No
S0004,Gregory Roberson,CSE,8.88,Yes,No,Accenture,Analyst,2023,Pass,Fail,NA,No
S0005,Angela Russo,CSE,6.35,Yes,No,Accenture,Core,2024,Fail,NA,NA,No
S0006,Miranda Finley,Electrical,7.75,Yes,No,TCS,Core,2024,Fail,NA,NA,No
S0007,Jeffrey Moore,Civil,9.36,No,Yes,TCS,Tech,2025,Pass,Pass,Pass,Yes
S0008,Michelle Roman,IT,9.29,No,No,EY,Core,2024,Pass,Pass,Fail,No
S0009,Jerry Garcia,Electrical,9.56,Yes,Yes,HCL,Core,2023,Pass,Pass,Fail,No
S0010,Jeffrey Carter,Electrical,8.62,Yes,No,Infosys,Tech,2023,Fail,NA,NA,No
S0011,Daniel Parker,Mechanical,7.02,Yes,No,Deloitte,Core,2024,Pass,Fail,NA,No
S0012,Matthew Gray,Mechanical,6.54,Yes,Yes,HCL,Core,2024,Fail,NA,NA,No
S0013,Brittney Scott,Mechanical,9.41,No,No,Deloitte,Tech,2025,Pass,Fail,NA,No
S0014,Matthew Johnson,CSE,6.58,Yes,No,Cognizant,Tech,2024,Pass,Fail,NA,No
S0015,Daniel Sampson,Civil,6.96,Yes,Yes,HCL,Analyst,2025,Pass,Pass,Pass,Yes
S0016,Taylor Underwood,CSE,9.62,No,Yes,HCL,Tech,2025,Pass,Pass,Fail,No
S0017,Derek Flores,IT,7.42,Yes,Yes,Cognizant,Analyst,2024,Pass,Fail,NA,No
S0018,Taylor Walker,ECE,6.91,Yes,Yes,TCS,Core,2024,Fail,NA,NA,No
S0019,Michelle Hogan,Civil,8.91,Yes,No,HCL,Tech,2024,Pass,Pass,Fail,No
S0020,Melissa Lawson,Civil,8.87,Yes,No,Wipro,Core,2025,Pass,Fail,NA,No
S0021,Allen Roy,Mechanical,6.46,Yes,Yes,Accenture,Tech,2025,Fail,NA,NA,No
S0022,Jeffery Cook,Civil,6.84,Yes,Yes,Deloitte,Tech,2023,Fail,NA,NA,No
S0023,Angela Lewis,CSE,7.95,No,No,Deloitte,Core,2023,Fail,NA,NA,No
S0024,Stephanie Fields,Civil,8.19,Yes,No,Wipro,Tech,2023,Pass,Pass,Pass,Yes
S0025,Emily Hernandez,Mechanical,9.28,Yes,Yes,Infosys,Analyst,2025,Pass,Fail,NA,No
S0026,Angela Mason,IT,6.73,No,Yes,Wipro,Tech,2024,Pass,Fail,NA,No
S0027,Carmen Mcclure,CSE,7.68,Yes,Yes,HCL,Tech,2023,Fail,NA,NA,No
S0028,Jodi Garcia,IT,6.63,No,No,Deloitte,Analyst,2023,Pass,Pass,Pass,Yes
S0029,Lauren Davis,Mechanical,7.08,No,Yes,Deloitte,Analyst,2023,Fail,NA,NA,No
S0030,Julie Petersen,Civil,8.8,Yes,No,Infosys,Tech,2025,Pass,Fail,NA,No
S0031,Jonathan Schmidt,Civil,6.6,Yes,Yes,TCS,Core,2023,Fail,NA,NA,No
S0032,Eric Brown,IT,7.53,Yes,Yes,Cognizant,Tech,2024,Fail,NA,NA,No
S0033,Jill Montgomery,Civil,7.99,No,Yes,Accenture,Tech,2024,Pass,Fail,NA,No
S0034,Amy Simmons,ECE,7.74,Yes,Yes,EY,Core,2025,Fail,NA,NA,No
S0035,Glenda Ramos,CSE,8.04,No,Yes,Accenture,Tech,2023,Pass,Pass,Fail,No
S0036,Sarah Jordan,Electrical,7.15,Yes,No,TCS,Tech,2024,Pass,Pass,Fail,No
S0037,Diane Williams,ECE,7.07,Yes,No,Deloitte,Core,2025,Fail,NA,NA,No
S0038,Kimberly Bowen,Civil,7.86,Yes,Yes,Wipro,Analyst,2023,Pass,Fail,NA,No
S0039,Michelle Walker,Electrical,9.72,Yes,No,HCL,Core,2024,Pass,Pass,Fail,No
S0040,John Wyatt,Electrical,9.43,Yes,No,Cognizant,Core,2023,Pass,Pass,Pass,Yes
S0041,Charles Curry,CSE,9.42,Yes,Yes,TCS,Analyst,2025,Fail,NA,NA,No
S0042,Justin Myers,Mechanical,9.7,Yes,Yes,Amazon,Tech,2024,Pass,Pass,Pass,Yes
S0043,Jessica Alvarez,Mechanical,9.05,Yes,No,Amazon,Core,2023,Pass,Pass,Pass,Yes
S0044,Rachel Esparza,IT,9.1,No,No,Capgemini,Tech,2023,Pass,Pass,Pass,Yes
S0045,Ryan Finley,CSE,9.67,No,No,HCL,Analyst,2025,Fail,NA,NA,No
S0046,Corey Wagner,Civil,7.26,Yes,Yes,Capgemini,Tech,2025,Fail,NA,NA,No
S0047,Elizabeth Lloyd,ECE,6.15,No,No,Accenture,Analyst,2025,Fail,NA,NA,No
S0048,Mark Juarez,CSE,7.46,Yes,No,Infosys,Core,2024,Pass,Fail,NA,No
S0049,Kenneth Clark,Civil,8.61,Yes,No,Wipro,Tech,2025,Fail,NA,NA,No
S0050,Lindsey Bonilla,Civil,7.19,Yes,No,HCL,Analyst,2025,Pass,Pass,Pass,Yes
S0051,Angela Green,IT,6.73,No,Yes,Cognizant,Core,2024,Pass,Fail,NA,No
S0052,Julia Rogers,ECE,7.09,No,No,EY,Analyst,2024,Fail,NA,NA,No
S0053,Kathy Melton,Civil,7.8,Yes,Yes,Capgemini,Core,2025,Fail,NA,NA,No
S0054,Troy Rosario,ECE,6.35,Yes,No,Deloitte,Tech,2023,Pass,Pass,Pass,Yes
S0055,David Goodwin,CSE,7.73,Yes,No,EY,Analyst,2023,Pass,Fail,NA,No
S0056,Eric Monroe,CSE,8.96,Yes,Yes,HCL,Analyst,2023,Pass,Fail,NA,No
S0057,Rebecca Smith,CSE,7.73,No,No,EY,Core,2025,Fail,NA,NA,No
S0058,Carrie Hernandez,Mechanical,9.16,No,Yes,EY,Analyst,2024,Fail,NA,NA,No
S0059,Juan Trevino,Electrical,7.05,No,Yes,Capgemini,Analyst,2023,Fail,NA,NA,No
S0060,Jenny Thomas,IT,7.03,No,Yes,Amazon,Tech,2023,Pass,Pass,Pass,Yes
S0061,Brian Williams,Mechanical,7.55,No,No,Infosys,Tech,2024,Pass,Fail,NA,No
S0062,Jasmine Sanders,Electrical,6.07,No,No,Infosys,Analyst,2024,Fail,NA,NA,No
S0063,Joseph Carson,Mechanical,8.05,Yes,No,Deloitte,Analyst,2024,Pass,Pass,Fail,No
S0064,Gregory Lyons,Mechanical,8.75,No,Yes,Cognizant,Core,2023,Fail,NA,NA,No
S0065,Renee Smith,Civil,8.14,Yes,Yes,Wipro,Tech,2024,Pass,Pass,Pass,Yes
S0066,Bill Morris,Mechanical,7.24,No,No,Wipro,Analyst,2023,Pass,Fail,NA,No
S0067,Ashley Nguyen,CSE,9.8,No,Yes,TCS,Core,2023,Fail,NA,NA,No
S0068,Maria Herrera,IT,6.76,Yes,Yes,Deloitte,Tech,2024,Fail,NA,NA,No
S0069,Stephanie Pearson,Civil,9.6,No,No,Accenture,Tech,2025,Pass,Fail,NA,No
S0070,Troy Herrera,CSE,8.96,Yes,No,TCS,Core,2023,Fail,NA,NA,No
S0071,Tammy Avila,Civil,8.57,No,No,Deloitte,Tech,2025,Fail,NA,NA,No
S0072,Hannah Young,Electrical,6.92,No,Yes,Cognizant,Tech,2024,Pass,Fail,NA,No
S0073,Lisa King MD,CSE,7.92,No,Yes,Wipro,Analyst,2023,Pass,Pass,Fail,No
S0074,Harold Rhodes,Mechanical,8.69,No,Yes,HCL,Core,2024,Pass,Fail,NA,No
S0075,Michele Flores,Mechanical,7.77,No,No,Deloitte,Tech,2024,Fail,NA,NA,No
S0076,David Ray,IT,8.85,No,No,Infosys,Analyst,2024,Pass,Pass,Fail,No
S0077,Ricky Roberts,ECE,7.06,No,Yes,HCL,Tech,2023,Pass,Pass,Fail,No
S0078,Caitlin Jordan,IT,8.62,No,No,Infosys,Tech,2024,Pass,Fail,NA,No
S0079,Nathan Fisher,ECE,8.52,No,No,HCL,Core,2024,Pass,Fail,NA,No
S0080,Ricardo Barr,ECE,7.34,No,No,Capgemini,Analyst,2023,Pass,Pass,Pass,Yes
S0081,Mark Conner,Civil,9.61,Yes,Yes,Deloitte,Core,2024,Pass,Pass,Fail,No
S0082,Debra Mitchell,Civil,7.08,Yes,Yes,Capgemini,Tech,2024,Pass,Pass,Pass,Yes
S0083,Desiree Edwards,ECE,6.17,Yes,No,Amazon,Core,2024,Pass,Pass,Pass,Yes
S0084,Dylan Harvey,Mechanical,7.67,Yes,Yes,Capgemini,Analyst,2023,Fail,NA,NA,No
S0085,Gabriel Ayala,Mechanical,7.87,Yes,Yes,Amazon,Core,2024,Pass,Pass,Fail,No
S0086,Kimberly Graham,Mechanical,8.3,Yes,No,EY,Analyst,2024,Fail,NA,NA,No
S0087,Dylan Cervantes,Mechanical,7.16,Yes,Yes,Deloitte,Core,2023,Pass,Pass,Pass,Yes
S0088,Madison Davis DDS,Civil,6.29,Yes,No,EY,Core,2025,Pass,Pass,Pass,Yes
S0089,Daisy Lopez,ECE,8.67,No,Yes,Deloitte,Analyst,2025,Pass,Fail,NA,No
S0090,Kayla Collins,IT,7.62,Yes,Yes,Capgemini,Tech,2023,Pass,Fail,NA,No
S0091,Melissa Clarke,Civil,8.85,No,No,TCS,Analyst,2025,Pass,Pass,Pass,Yes
S0092,Danielle Soto,Civil,7.88,Yes,Yes,Wipro,Core,2024,Fail,NA,NA,No
S0093,Amy Hill,CSE,6.35,Yes,No,Cognizant,Tech,2023,Pass,Fail,NA,No
S0094,Peter Liu,ECE,6.69,No,No,TCS,Analyst,2024,Pass,Pass,Pass,Yes
S0095,Scott Peters,IT,7.25,No,No,Wipro,Core,2023,Pass,Pass,Pass,Yes
S0096,Erik Levine,Mechanical,9.29,Yes,No,Wipro,Tech,2023,Pass,Pass,Pass,Yes
S0097,Thomas Smith,Mechanical,8.89,Yes,No,HCL,Tech,2024,Pass,Fail,NA,No
S0098,Jeremiah Coleman,CSE,6.11,Yes,Yes,Capgemini,Core,2023,Fail,NA,NA,No
S0099,Victoria Clark,CSE,6.85,Yes,No,TCS,Core,2023,Pass,Fail,NA,No
S0100,Shelley Krause,Civil,8.68,No,No,EY,Tech,2024,Pass,Pass,Fail,No
S0101,Stephen Johnson,Civil,8.84,Yes,Yes,Capgemini,Analyst,2024,Fail,NA,NA,No
S0102,Stephanie Smith,Civil,7.02,Yes,No,Capgemini,Core,2025,Fail,NA,NA,No
S0103,Joshua Mcdowell,Mechanical,9.29,No,No,Accenture,Analyst,2025,Fail,NA,NA,No
S0104,Stephanie Nelson,Mechanical,7.73,No,Yes,Deloitte,Core,2024,Pass,Fail,NA,No
S0105,Mary Campbell,CSE,7.21,No,No,Wipro,Core,2025,Fail,NA,NA,No
S0106,Peter Payne,Mechanical,9.67,Yes,No,TCS,Analyst,2023,Pass,Pass,Fail,No
S0107,John Clark,Mechanical,9.31,Yes,Yes,EY,Analyst,2024,Pass,Pass,Pass,Yes
S0108,Edgar Gordon,ECE,9.24,No,No,EY,Core,2023,Pass,Pass,Fail,No
S0109,Jessica Wilson,ECE,9.79,Yes,No,TCS,Core,2025,Fail,NA,NA,No
S0110,Jeremy Mckee,Mechanical,6.63,No,Yes,Infosys,Analyst,2023,Pass,Pass,Pass,Yes
S0111,Edgar Stephens,Civil,7.57,Yes,Yes,Amazon,Tech,2025,Fail,NA,NA,No
S0112,Timothy Hendrix,Civil,8.6,No,Yes,Deloitte,Analyst,2025,Pass,Pass,Pass,Yes
S0113,Dawn Cabrera,Mechanical,9.42,Yes,Yes,EY,Analyst,2025,Pass,Fail,NA,No
S0114,Taylor Huerta,Electrical,6.95,No,Yes,Wipro,Analyst,2023,Pass,Fail,NA,No
S0115,Steven Russell,Civil,7.12,No,Yes,Wipro,Analyst,2023,Fail,NA,NA,No
S0116,Christopher Stone,Electrical,8.96,Yes,No,Capgemini,Tech,2025,Fail,NA,NA,No
S0117,James Flores,IT,8.42,No,Yes,TCS,Core,2025,Pass,Fail,NA,No
S0118,Lori Ponce,CSE,8.2,Yes,Yes,Capgemini,Analyst,2025,Pass,Pass,Fail,No
S0119,Brandon Vasquez,ECE,8.02,No,Yes,Capgemini,Analyst,2024,Fail,NA,NA,No
S0120,Jason Lyons,ECE,9.06,No,Yes,Amazon,Tech,2025,Fail,NA,NA,No
S0121,Sharon Barker,Mechanical,9.68,No,Yes,Wipro,Tech,2024,Pass,Pass,Fail,No
S0122,Ryan Zhang,Electrical,7.0,No,No,TCS,Core,2023,Pass,Fail,NA,No
S0123,Mary Hall,Civil,7.25,Yes,Yes,EY,Core,2024,Fail,NA,NA,No
S0124,Laura Oneal,CSE,6.53,Yes,No,EY,Tech,2023,Pass,Fail,NA,No
S0125,Kyle Cooper,Mechanical,7.72,No,Yes,Wipro,Core,2023,Fail,NA,NA,No
S0126,Allison Morris,Civil,7.55,No,Yes,Accenture,Tech,2024,Pass,Pass,Pass,Yes
S0127,Jennifer Cervantes,Electrical,7.4,No,Yes,Wipro,Analyst,2023,Fail,NA,NA,No
S0128,Eric Gonzalez,Mechanical,6.35,Yes,Yes,Infosys,Analyst,2023,Fail,NA,NA,No
S0129,Joseph Cervantes,Civil,6.78,Yes,Yes,Deloitte,Analyst,2023,Fail,NA,NA,No
S0130,Benjamin Travis,Civil,6.01,Yes,Yes,HCL,Analyst,2023,Pass,Fail,NA,No
S0131,Dylan Clark,IT,6.06,Yes,No,Infosys,Tech,2024,Pass,Fail,NA,No
S0132,Cynthia Hernandez,Civil,6.43,Yes,No,EY,Analyst,2025,Fail,NA,NA,No
S0133,John Wilson,Mechanical,7.91,Yes,No,EY,Core,2023,Pass,Pass,Pass,Yes
S0134,Stephanie Miller,Electrical,6.41,No,Yes,TCS,Analyst,2025,Pass,Pass,Fail,No
S0135,Nathan Lewis,Civil,8.08,No,No,Cognizant,Core,2024,Pass,Fail,NA,No
S0136,Robert Flores,CSE,9.01,Yes,Yes,Wipro,Analyst,2023,Pass,Fail,NA,No
S0137,Sandra Patrick,Mechanical,7.58,Yes,No,Wipro,Analyst,2025,Pass,Fail,NA,No
S0138,Chase Charles,Electrical,9.51,Yes,Yes,TCS,Tech,2024,Pass,Pass,Fail,No
S0139,Christine Wilcox,Civil,6.23,No,Yes,Wipro,Analyst,2025,Fail,NA,NA,No
S0140,David Franklin,Mechanical,9.3,Yes,No,Cognizant,Analyst,2024,Pass,Pass,Pass,Yes
S0141,Sheena Curtis,Mechanical,6.85,Yes,No,HCL,Analyst,2023,Fail,NA,NA,No
S0142,Jonathan Cook,Civil,6.86,No,Yes,Cognizant,Core,2025,Pass,Pass,Fail,No
S0143,Jessica Frey,ECE,9.5,No,Yes,Amazon,Tech,2025,Pass,Pass,Fail,No
S0144,Melissa Jackson DVM,CSE,6.35,Yes,No,Wipro,Analyst,2024,Pass,Pass,Pass,Yes
S0145,Angela Reynolds,Civil,8.27,Yes,Yes,Amazon,Core,2023,Fail,NA,NA,No
S0146,Rebecca Patterson,ECE,7.68,No,No,Cognizant,Analyst,2024,Pass,Fail,NA,No
S0147,Danielle Love,CSE,7.31,Yes,No,Cognizant,Analyst,2025,Fail,NA,NA,No
S0148,Mr. Jacob Lewis Jr.,CSE,6.84,Yes,Yes,Deloitte,Analyst,2023,Fail,NA,NA,No
S0149,Daniel Stone,ECE,7.1,Yes,Yes,EY,Core,2024,Pass,Pass,Fail,No
S0150,Chelsea Perez,Civil,8.12,No,Yes,Wipro,Core,2023,Pass,Pass,Pass,Yes
S0151,Lauren Beck,ECE,8.19,No,No,Capgemini,Tech,2024,Pass,Pass,Fail,No
S0152,Alexandra Ryan,Civil,7.75,No,Yes,Wipro,Tech,2023,Pass,Pass,Pass,Yes
S0153,Todd Ewing,ECE,8.83,Yes,No,Amazon,Tech,2025,Pass,Pass,Pass,Yes
S0154,Brandon Blevins,ECE,7.33,Yes,Yes,TCS,Tech,2024,Pass,Pass,Fail,No
S0155,Manuel Steele,Electrical,6.29,No,No,Cognizant,Core,2024,Fail,NA,NA,No
S0156,Jose Wilson,Civil,8.44,No,No,Amazon,Analyst,2023,Pass,Fail,NA,No
S0157,Kelsey Craig,ECE,8.25,No,Yes,Capgemini,Analyst,2024,Pass,Pass,Pass,Yes
S0158,James Price,Electrical,9.28,Yes,No,EY,Core,2025,Fail,NA,NA,No
S0159,Julie Compton,Electrical,9.4,No,Yes,Accenture,Core,2024,Pass,Fail,NA,No
S0160,Kyle Valenzuela,Mechanical,6.39,No,Yes,HCL,Core,2023,Pass,Fail,NA,No
S0161,Donna Phillips,Mechanical,7.99,Yes,No,Accenture,Analyst,2024,Pass,Pass,Fail,No
S0162,Kathleen Mccoy,Electrical,8.46,Yes,No,TCS,Core,2025,Pass,Pass,Fail,No
S0163,Terry Carney,Civil,9.32,No,Yes,Cognizant,Core,2023,Fail,NA,NA,No
S0164,Dana Ellis,ECE,9.68,No,Yes,Cognizant,Core,2023,Pass,Pass,Fail,No
S0165,Jason Rojas,IT,8.55,Yes,No,HCL,Analyst,2023,Pass,Pass,Pass,Yes
S0166,Michael Gonzales,Mechanical,6.73,Yes,Yes,TCS,Analyst,2023,Pass,Pass,Fail,No
S0167,Michael Delgado,Civil,6.14,No,Yes,Cognizant,Analyst,2023,Pass,Fail,NA,No
S0168,Ronnie Hall,Civil,9.07,Yes,No,Infosys,Analyst,2024,Fail,NA,NA,No
S0169,Donald Stanley,IT,9.68,No,No,Deloitte,Core,2023,Pass,Fail,NA,No
S0170,Catherine Roman,Mechanical,9.44,Yes,No,Cognizant,Analyst,2024,Fail,NA,NA,No
S0171,Timothy Lynn,Mechanical,7.91,No,Yes,Deloitte,Core,2023,Fail,NA,NA,No
S0172,Jaime Rodriguez,CSE,8.44,No,Yes,HCL,Tech,2024,Pass,Pass,Pass,Yes
S0173,Patricia Wagner DDS,Civil,6.56,No,Yes,Deloitte,Analyst,2024,Fail,NA,NA,No
S0174,Larry Smith,Mechanical,6.2,No,Yes,Wipro,Tech,2024,Pass,Pass,Pass,Yes
S0175,Aimee Joseph,Electrical,8.47,Yes,Yes,Infosys,Analyst,2024,Fail,NA,NA,No
S0176,Jill Nguyen,IT,8.88,No,No,Cognizant,Tech,2023,Pass,Pass,Pass,Yes
S0177,Alexandra Diaz,Electrical,8.31,No,Yes,Capgemini,Tech,2024,Pass,Pass,Fail,No
S0178,Patricia Henry,Civil,7.74,Yes,No,Cognizant,Core,2023,Fail,NA,NA,No
S0179,Matthew Wilson,Civil,6.92,Yes,No,Wipro,Tech,2025,Pass,Fail,NA,No
S0180,Scott Bell,IT,8.52,Yes,No,TCS,Core,2025,Pass,Fail,NA,No
S0181,William Gonzalez,Civil,6.08,No,Yes,Wipro,Analyst,2024,Fail,NA,NA,No
S0182,Nicole Bruce,ECE,9.0,No,Yes,TCS,Core,2025,Fail,NA,NA,No
S0183,Cynthia Phelps,IT,6.17,No,Yes,EY,Core,2024,Fail,NA,NA,No
S0184,Brianna Anthony,IT,6.24,No,Yes,Capgemini,Tech,2023,Fail,NA,NA,No
S0185,Bryan Vincent,CSE,7.2,No,No,HCL,Analyst,2024,Pass,Fail,NA,No
S0186,Barry Rangel,ECE,7.36,Yes,No,Capgemini,Tech,2024,Pass,Pass,Pass,Yes
S0187,Alexander Munoz,Mechanical,7.29,Yes,No,EY,Analyst,2025,Pass,Pass,Pass,Yes
S0188,Chelsey Holland,Mechanical,8.29,Yes,No,Accenture,Tech,2023,Pass,Pass,Pass,Yes
S0189,Charles Martinez,Electrical,7.62,No,No,EY,Tech,2025,Fail,NA,NA,No
S0190,Charles Fuller,ECE,8.34,No,No,Infosys,Tech,2025,Fail,NA,NA,No
S0191,Tami Pace,ECE,7.95,Yes,Yes,Amazon,Core,2025,Fail,NA,NA,No
S0192,Robert Jordan,CSE,6.48,Yes,No,Accenture,Analyst,2025,Pass,Pass,Pass,Yes
S0193,Crystal Atkins,ECE,7.41,Yes,Yes,HCL,Analyst,2024,Pass,Pass,Fail,No
S0194,Troy Rosales,CSE,8.8,No,No,HCL,Tech,2024,Fail,NA,NA,No
S0195,Ashley Ross,Electrical,7.7,No,No,Deloitte,Tech,2023,Fail,NA,NA,No
S0196,Theresa Barton,Mechanical,6.66,No,Yes,Accenture,Core,2024,Fail,NA,NA,No
S0197,Cathy Cook,Civil,8.06,No,Yes,Amazon,Analyst,2025,Pass,Fail,NA,No
S0198,Mariah Hoffman,IT,6.9,No,Yes,Accenture,Core,2025,Pass,Fail,NA,No
S0199,Heidi Jordan,Civil,6.49,Yes,Yes,Capgemini,Analyst,2025,Fail,NA,NA,No
S0200,Wayne Bolton,Civil,7.56,No,Yes,Amazon,Analyst,2025,Pass,Pass,Pass,Yes
S0201,Edward Lee,IT,9.34,Yes,Yes,Wipro,Core,2023,Fail,NA,NA,No
S0202,Stephanie Myers,Civil,6.58,Yes,Yes,Accenture,Core,2023,Pass,Fail,NA,No
S0203,Samantha Lane,ECE,9.21,No,Yes,HCL,Analyst,2023,Pass,Pass,Pass,Yes
S0204,Joyce Drake,Electrical,6.64,Yes,Yes,Cognizant,Core,2025,Pass,Fail,NA,No
S0205,Kristen Smith,CSE,9.14,Yes,Yes,Infosys,Core,2025,Pass,Pass,Fail,No
S0206,Deborah Moss,Civil,8.43,No,No,Capgemini,Analyst,2023,Fail,NA,NA,No
S0207,Keith Powell,Electrical,7.54,No,Yes,Infosys,Tech,2024,Pass,Pass,Pass,Yes
S0208,George Morrow,IT,7.19,No,No,Wipro,Tech,2024,Pass,Pass,Pass,Yes
S0209,Andrew Hendrix,CSE,7.02,Yes,Yes,TCS,Tech,2024,Fail,NA,NA,No
S0210,Richard Lawrence,Civil,7.59,Yes,No,Cognizant,Core,2024,Pass,Pass,Fail,No
S0211,Stephanie Carr,Mechanical,7.9,No,No,Infosys,Tech,2024,Pass,Fail,NA,No
S0212,Jose Williamson,IT,8.22,Yes,Yes,Capgemini,Analyst,2025,Fail,NA,NA,No
S0213,Sandra Smith,Electrical,8.56,No,Yes,TCS,Analyst,2023,Fail,NA,NA,No
S0214,Nancy Allen,Electrical,7.39,No,No,Infosys,Analyst,2023,Fail,NA,NA,No
S0215,Andrew Boone,IT,7.38,No,Yes,Wipro,Core,2024,Fail,NA,NA,No
S0216,Lisa Cannon,ECE,9.14,Yes,Yes,TCS,Analyst,2024,Fail,NA,NA,No
S0217,Jacob Bautista,ECE,8.12,No,Yes,Deloitte,Core,2025,Pass,Pass,Pass,Yes
S0218,Crystal Glover,Electrical,7.27,No,No,Amazon,Core,2025,Pass,Fail,NA,No
S0219,Harold Russell,ECE,6.62,No,No,HCL,Core,2025,Pass,Fail,NA,No
S0220,Kristy Pineda,Mechanical,9.1,No,No,TCS,Analyst,2025,Pass,Fail,NA,No
S0221,Sarah Turner,Electrical,8.39,No,No,Cognizant,Core,2023,Fail,NA,NA,No
S0222,Kayla Williams,Civil,7.83,No,Yes,Deloitte,Tech,2025,Fail,NA,NA,No
S0223,Justin Anderson,CSE,6.72,No,No,Wipro,Tech,2024,Fail,NA,NA,No
S0224,David Mcneil,Mechanical,7.91,No,Yes,Amazon,Core,2023,Pass,Fail,NA,No
S0225,Ashley Watts,Mechanical,8.0,No,Yes,EY,Core,2024,Pass,Fail,NA,No
S0226,Susan Russell,Electrical,8.59,No,No,Deloitte,Tech,2024,Pass,Pass,Fail,No
S0227,Michael Scott,ECE,8.93,Yes,No,Accenture,Analyst,2024,Pass,Fail,NA,No
S0228,Danielle Gentry,Electrical,7.04,Yes,No,Wipro,Analyst,2023,Pass,Pass,Fail,No
S0229,Mrs. Lori Webster DDS,ECE,9.51,No,No,Deloitte,Tech,2025,Pass,Fail,NA,No
S0230,Michelle Johnson,ECE,6.52,Yes,Yes,Infosys,Core,2025,Pass,Pass,Pass,Yes
S0231,Tony Davenport,ECE,8.73,Yes,Yes,Infosys,Core,2023,Pass,Fail,NA,No
S0232,Philip Cole,Mechanical,7.81,Yes,No,Accenture,Analyst,2025,Pass,Fail,NA,No
S0233,Amanda Andrade,Electrical,8.18,Yes,Yes,Wipro,Tech,2023,Fail,NA,NA,No
S0234,Kelly King,Mechanical,8.99,Yes,No,Infosys,Tech,2024,Pass,Pass,Fail,No
S0235,Courtney Wilson,ECE,7.73,No,Yes,HCL,Analyst,2024,Pass,Pass,Pass,Yes
S0236,Jessica Harrison,Mechanical,8.46,Yes,Yes,Accenture,Analyst,2025,Fail,NA,NA,No
S0237,Christian Dennis,IT,6.67,No,No,HCL,Analyst,2023,Pass,Pass,Fail,No
S0238,Amanda Wright,Mechanical,7.23,Yes,Yes,Capgemini,Analyst,2023,Pass,Pass,Pass,Yes
S0239,John Crawford,Civil,8.75,Yes,No,Accenture,Core,2023,Pass,Pass,Pass,Yes
S0240,Lisa Estrada,Mechanical,8.61,No,Yes,Capgemini,Analyst,2025,Pass,Fail,NA,No
S0241,Richard Smith,Mechanical,6.58,No,No,HCL,Analyst,2025,Fail,NA,NA,No
S0242,Megan Waters,IT,8.9,Yes,No,HCL,Core,2024,Pass,Pass,Pass,Yes
S0243,Karen Jones,Civil,9.43,Yes,Yes,Amazon,Analyst,2025,Pass,Pass,Fail,No
S0244,Matthew Harris,Mechanical,6.35,No,Yes,EY,Tech,2025,Pass,Fail,NA,No
S0245,Brian Diaz,Civil,7.76,No,Yes,Wipro,Analyst,2023,Fail,NA,NA,No
S0246,Alexa Scott,Civil,6.28,No,No,TCS,Core,2023,Fail,NA,NA,No
S0247,Michael Jackson,CSE,9.75,No,Yes,Capgemini,Analyst,2023,Fail,NA,NA,No
S0248,Erik Foster,Electrical,9.72,No,No,Wipro,Analyst,2024,Pass,Fail,NA,No
S0249,Karen Schneider,Electrical,9.32,Yes,No,TCS,Tech,2025,Pass,Pass,Fail,No
S0250,April Moore,CSE,8.87,No,No,HCL,Analyst,2025,Pass,Pass,Pass,Yes
S0251,Amanda Cobb,IT,7.05,Yes,Yes,Wipro,Core,2023,Pass,Pass,Fail,No
S0252,Stephanie Brown,Mechanical,8.27,Yes,Yes,Infosys,Analyst,2024,Pass,Pass,Fail,No
S0253,Zachary Perez,CSE,6.53,No,Yes,Cognizant,Analyst,2025,Fail,NA,NA,No
S0254,Abigail Butler,Electrical,9.11,Yes,No,Amazon,Core,2025,Pass,Pass,Pass,Yes
S0255,Colleen Peters,Civil,9.34,Yes,No,HCL,Analyst,2023,Fail,NA,NA,No
S0256,Brandon Gates,Electrical,8.55,No,No,Wipro,Tech,2024,Pass,Fail,NA,No
S0257,Joseph Foley,Mechanical,6.92,Yes,No,Amazon,Analyst,2023,Fail,NA,NA,No
S0258,Lori Johnson,Mechanical,8.12,Yes,No,Deloitte,Analyst,2023,Pass,Pass,Pass,Yes
S0259,Karen Villanueva,ECE,6.35,Yes,Yes,Capgemini,Analyst,2025,Fail,NA,NA,No
S0260,Lauren Foley,CSE,9.32,Yes,Yes,EY,Tech,2024,Pass,Fail,NA,No
S0261,Brittany Floyd,IT,9.56,Yes,No,Deloitte,Core,2025,Fail,NA,NA,No
S0262,Theresa Page,Mechanical,9.48,No,No,Wipro,Analyst,2025,Pass,Pass,Pass,Yes
S0263,Jonathan Thompson,Mechanical,7.77,No,No,Deloitte,Analyst,2024,Pass,Fail,NA,No
S0264,Terry Sandoval,IT,8.82,Yes,No,HCL,Core,2025,Fail,NA,NA,No
S0265,Tracy Wilkerson,ECE,6.58,No,Yes,Wipro,Core,2023,Pass,Fail,NA,No
S0266,Christopher Moreno,Electrical,7.28,No,No,EY,Tech,2025,Fail,NA,NA,No
S0267,Samantha Nelson,IT,6.53,No,Yes,HCL,Core,2023,Pass,Fail,NA,No
S0268,Derek Lawrence,CSE,9.59,Yes,Yes,Wipro,Tech,2025,Pass,Pass,Pass,Yes
S0269,John Baker MD,Civil,7.73,Yes,No,EY,Tech,2023,Pass,Pass,Pass,Yes
S0270,Sean Holmes,Electrical,7.04,No,Yes,HCL,Core,2025,Pass,Fail,NA,No
S0271,Angela Singh,IT,6.41,Yes,Yes,Deloitte,Tech,2025,Fail,NA,NA,No
S0272,Richard Mccarthy,ECE,7.02,No,Yes,Accenture,Analyst,2024,Fail,NA,NA,No
S0273,Leonard Thomas,Electrical,6.86,Yes,Yes,TCS,Analyst,2024,Pass,Pass,Fail,No
S0274,Jamie Lane,Electrical,6.65,No,No,Accenture,Core,2023,Fail,NA,NA,No
S0275,Amanda Estes,CSE,6.87,No,No,Infosys,Tech,2025,Fail,NA,NA,No
S0276,Jason Mitchell,Civil,8.14,Yes,Yes,Accenture,Tech,2023,Pass,Fail,NA,No
S0277,Carol Burton,Electrical,9.12,Yes,No,Amazon,Core,2023,Pass,Fail,NA,No
S0278,Joseph Elliott,Electrical,9.41,No,No,Amazon,Core,2025,Pass,Fail,NA,No
S0279,Kaitlyn Gibbs,ECE,6.2,No,Yes,TCS,Analyst,2025,Fail,NA,NA,No
S0280,Caitlin Harris,Civil,7.51,No,Yes,Capgemini,Analyst,2024,Pass,Fail,NA,No
S0281,Timothy Moore,Mechanical,7.64,No,Yes,Cognizant,Analyst,2023,Fail,NA,NA,No
S0282,Nathan Mathis,CSE,7.02,No,Yes,Wipro,Analyst,2024,Pass,Pass,Pass,Yes
S0283,Steven Bryant,ECE,8.89,Yes,Yes,TCS,Tech,2024,Pass,Pass,Pass,Yes
S0284,John Reyes,CSE,6.34,Yes,No,Wipro,Tech,2024,Pass,Fail,NA,No
S0285,Jennifer Page,Electrical,9.42,Yes,Yes,Wipro,Tech,2023,Pass,Pass,Pass,Yes
S0286,Bryan Lawson,IT,7.65,No,No,EY,Tech,2024,Pass,Pass,Fail,No
S0287,Sandra Case,Civil,8.34,No,Yes,Amazon,Analyst,2023,Fail,NA,NA,No
S0288,Mary Jackson,ECE,9.2,No,No,EY,Analyst,2024,Fail,NA,NA,No
S0289,Jennifer Smith,Electrical,9.7,Yes,No,Accenture,Core,2025,Pass,Pass,Fail,No
S0290,Gwendolyn Lopez,ECE,7.11,No,Yes,Accenture,Analyst,2024,Fail,NA,NA,No
S0291,Jean Hall,Mechanical,7.39,Yes,Yes,HCL,Tech,2025,Pass,Fail,NA,No
S0292,Keith Martin,Mechanical,9.03,Yes,No,EY,Tech,2025,Pass,Pass,Pass,Yes
S0293,Martin Gamble,Mechanical,9.0,Yes,No,Cognizant,Analyst,2025,Pass,Pass,Fail,No
S0294,Steven Contreras,Electrical,7.59,Yes,No,HCL,Core,2025,Fail,NA,NA,No
S0295,Jon Williams,CSE,8.92,No,Yes,Cognizant,Tech,2025,Fail,NA,NA,No
S0296,Robert Olson,Electrical,8.46,No,No,TCS,Tech,2023,Pass,Fail,NA,No
S0297,Luke Taylor,Civil,8.12,Yes,No,Accenture,Analyst,2024,Fail,NA,NA,No
S0298,Corey Jackson,Civil,8.62,Yes,No,Infosys,Analyst,2023,Pass,Fail,NA,No
S0299,Gregory Taylor,CSE,6.44,Yes,No,Capgemini,Analyst,2024,Fail,NA,NA,No
S0300,Diana Brooks,Civil,7.84,No,Yes,EY,Core,2025,Pass,Pass,Pass,Yes
S0301,Sarah Hale,Electrical,6.44,No,Yes,Amazon,Core,2023,Pass,Fail,NA,No
S0302,Barry Byrd,ECE,8.13,No,Yes,Wipro,Core,2023,Pass,Fail,NA,No
S0303,Kathleen Jacobson,Mechanical,6.11,Yes,No,Cognizant,Analyst,2024,Pass,Pass,Pass,Yes
S0304,Dorothy Green,Electrical,9.07,Yes,Yes,HCL,Tech,2024,Pass,Pass,Pass,Yes
S0305,Sandra Rodriguez,Mechanical,8.01,No,No,Cognizant,Analyst,2025,Pass,Pass,Pass,Yes
S0306,Ryan Hamilton,IT,9.09,No,Yes,Amazon,Analyst,2023,Pass,Pass,Pass,Yes
S0307,Jessica Garcia,IT,7.94,No,Yes,Cognizant,Analyst,2024,Pass,Fail,NA,No
S0308,Amy Dean,Electrical,9.49,Yes,Yes,EY,Analyst,2023,Pass,Fail,NA,No
S0309,Stephanie Parker,Civil,6.2,No,Yes,EY,Tech,2023,Fail,NA,NA,No
S0310,John Dougherty,Civil,7.92,No,No,EY,Analyst,2025,Fail,NA,NA,No
S0311,Angela Williams,Mechanical,6.64,Yes,Yes,Capgemini,Tech,2024,Pass,Pass,Fail,No
S0312,Bryan Miller,Civil,8.82,No,Yes,Cognizant,Tech,2024,Fail,NA,NA,No
S0313,Jennifer Smith,ECE,8.06,Yes,No,HCL,Tech,2024,Pass,Fail,NA,No
S0314,Rodney Vasquez,IT,7.13,Yes,No,Capgemini,Analyst,2023,Pass,Fail,NA,No
S0315,Tyler Stokes,IT,6.8,No,No,Amazon,Core,2023,Fail,NA,NA,No
S0316,Sarah Browning,IT,9.06,No,No,Cognizant,Core,2023,Pass,Fail,NA,No
S0317,Jacqueline Ayala,ECE,8.18,Yes,Yes,Wipro,Tech,2024,Fail,NA,NA,No
S0318,Drew Crawford,IT,8.67,Yes,Yes,Amazon,Core,2024,Fail,NA,NA,No
S0319,Michelle Clayton,Electrical,7.49,Yes,No,Wipro,Analyst,2024,Pass,Fail,NA,No
S0320,Patrick Torres,CSE,7.53,No,No,EY,Analyst,2024,Fail,NA,NA,No
S0321,Kristen Adams,Electrical,6.35,No,No,TCS,Core,2024,Pass,Fail,NA,No
S0322,Shawna Miller,IT,7.88,No,No,Accenture,Core,2025,Pass,Fail,NA,No
S0323,Susan Boone,ECE,9.4,Yes,Yes,TCS,Core,2024,Pass,Fail,NA,No
S0324,Dave Ryan,IT,7.68,Yes,No,Deloitte,Core,2023,Fail,NA,NA,No
S0325,Cody Love,ECE,6.6,No,Yes,Accenture,Analyst,2023,Pass,Fail,NA,No
S0326,Michelle Ford,IT,6.2,No,Yes,Wipro,Core,2023,Fail,NA,NA,No
S0327,Jeffrey Fox,CSE,6.81,Yes,Yes,Cognizant,Tech,2025,Fail,NA,NA,No
S0328,Nicole Matthews,CSE,6.03,No,Yes,Wipro,Core,2023,Pass,Pass,Pass,Yes
S0329,Frank Garrett,CSE,6.39,No,No,Amazon,Analyst,2023,Fail,NA,NA,No
S0330,Sarah Schmidt,Electrical,6.54,Yes,Yes,EY,Analyst,2025,Pass,Fail,NA,No
S0331,Colleen Valencia,Mechanical,8.34,No,Yes,TCS,Tech,2023,Fail,NA,NA,No
S0332,Patricia Howard,Civil,8.77,No,No,Accenture,Tech,2023,Pass,Pass,Fail,No
S0333,Marcus Gray,Civil,8.74,No,Yes,Capgemini,Tech,2025,Pass,Pass,Pass,Yes
S0334,Sabrina Ramirez,Electrical,6.21,Yes,No,Wipro,Tech,2023,Pass,Fail,NA,No
S0335,Kathy Frazier,Civil,9.38,Yes,No,Accenture,Tech,2024,Fail,NA,NA,No
S0336,Micheal Frye,Civil,7.6,Yes,No,TCS,Tech,2025,Pass,Pass,Pass,Yes
S0337,Heidi Schaefer,CSE,9.6,No,No,HCL,Analyst,2024,Fail,NA,NA,No
S0338,Laura Velazquez,CSE,8.43,Yes,No,TCS,Analyst,2023,Pass,Pass,Fail,No
S0339,Laurie Shepherd,Civil,7.24,Yes,No,Wipro,Core,2023,Pass,Pass,Pass,Yes
S0340,Katherine Edwards,Mechanical,8.33,Yes,No,Amazon,Tech,2023,Fail,NA,NA,No
S0341,Todd Robles,Electrical,6.04,No,No,HCL,Core,2025,Pass,Fail,NA,No
S0342,Michael Hernandez,Electrical,8.97,No,Yes,Infosys,Analyst,2024,Pass,Pass,Fail,No
S0343,Laurie Kim,Civil,8.38,No,No,HCL,Analyst,2023,Pass,Fail,NA,No
S0344,James Smith,ECE,6.6,Yes,Yes,Deloitte,Core,2025,Pass,Fail,NA,No
S0345,Malik Robinson,CSE,6.93,No,No,Wipro,Tech,2023,Fail,NA,NA,No
S0346,David Mendez,CSE,8.1,No,Yes,Accenture,Tech,2024,Fail,NA,NA,No
S0347,Lisa Dougherty,ECE,7.03,Yes,No,TCS,Core,2025,Fail,NA,NA,No
S0348,Laura Mann,IT,6.85,Yes,No,TCS,Analyst,2024,Fail,NA,NA,No
S0349,Chelsea Hoffman,ECE,7.24,No,Yes,Accenture,Tech,2024,Fail,NA,NA,No
S0350,Molly Preston,ECE,8.81,Yes,No,Accenture,Core,2024,Fail,NA,NA,No
S0351,Michael Tran,IT,8.78,Yes,Yes,Infosys,Analyst,2023,Pass,Pass,Fail,No
S0352,Jennifer Liu,CSE,9.61,Yes,No,Capgemini,Tech,2023,Pass,Pass,Pass,Yes
S0353,Ronald Cooper,CSE,9.7,Yes,No,TCS,Tech,2023,Fail,NA,NA,No
S0354,Rachel Graves,Civil,7.57,No,No,TCS,Core,2023,Pass,Fail,NA,No
S0355,Alex Neal,Mechanical,6.28,Yes,No,Amazon,Tech,2024,Pass,Pass,Fail,No
S0356,Billy Perkins,Electrical,9.16,No,No,EY,Analyst,2023,Pass,Pass,Fail,No
S0357,Rodney Tucker,Civil,6.41,Yes,Yes,EY,Analyst,2024,Pass,Pass,Fail,No
S0358,Christina Smith,IT,7.72,No,No,TCS,Tech,2023,Fail,NA,NA,No
S0359,Brooke Deleon,ECE,9.14,Yes,Yes,Accenture,Tech,2023,Fail,NA,NA,No
S0360,Corey Weiss,ECE,7.51,Yes,No,Capgemini,Tech,2023,Fail,NA,NA,No
S0361,Denise Lopez,Mechanical,8.11,Yes,Yes,EY,Tech,2023,Pass,Pass,Fail,No
S0362,Brandy Bond,IT,6.5,No,No,TCS,Core,2025,Pass,Fail,NA,No
S0363,Kayla Salinas,CSE,9.79,Yes,No,Amazon,Tech,2024,Pass,Fail,NA,No
S0364,Linda Gonzales,CSE,6.64,No,No,EY,Tech,2024,Fail,NA,NA,No
S0365,David English,IT,7.34,Yes,No,Capgemini,Analyst,2023,Pass,Fail,NA,No
S0366,Brandon Johnston,IT,8.46,No,No,HCL,Analyst,2023,Pass,Pass,Pass,Yes
S0367,Tony Young,Electrical,9.36,Yes,Yes,Wipro,Core,2024,Pass,Pass,Pass,Yes
S0368,Sandra Rocha,Civil,7.91,No,No,Amazon,Tech,2024,Fail,NA,NA,No
S0369,Ian Mitchell,CSE,9.4,No,Yes,EY,Core,2024,Fail,NA,NA,No
S0370,Tara Delacruz,IT,9.7,Yes,Yes,Deloitte,Analyst,2025,Fail,NA,NA,No
S0371,Daniel Little,Electrical,6.21,Yes,No,Accenture,Tech,2023,Pass,Pass,Fail,No
S0372,Bobby Lopez,ECE,9.47,Yes,No,Cognizant,Core,2023,Pass,Pass,Fail,No
S0373,Ricky Johnson,Mechanical,8.06,Yes,No,Infosys,Tech,2023,Pass,Pass,Pass,Yes
S0374,Jennifer Gonzalez,CSE,7.26,Yes,Yes,Accenture,Core,2023,Fail,NA,NA,No
S0375,Emily Johnson MD,ECE,6.23,Yes,Yes,TCS,Core,2024,Fail,NA,NA,No
S0376,Katie Hawkins,ECE,8.68,No,Yes,Accenture,Analyst,2024,Pass,Pass,Fail,No
S0377,Jessica May,Electrical,9.65,No,Yes,HCL,Core,2025,Fail,NA,NA,No
S0378,Emily Williams,IT,8.53,Yes,No,Capgemini,Core,2025,Pass,Pass,Pass,Yes
S0379,Kevin Burgess,Electrical,9.61,No,Yes,Amazon,Core,2024,Fail,NA,NA,No
S0380,Roberta Perkins,Civil,6.84,Yes,No,Amazon,Analyst,2025,Pass,Pass,Pass,Yes
S0381,James Carr,Electrical,9.36,Yes,No,EY,Tech,2024,Pass,Fail,NA,No
S0382,Jeffrey Cook,ECE,6.98,Yes,Yes,Infosys,Analyst,2024,Fail,NA,NA,No
S0383,Gregory Snow,IT,9.36,No,No,Accenture,Core,2024,Pass,Pass,Fail,No
S0384,Richard Craig,Electrical,8.88,Yes,Yes,EY,Tech,2023,Pass,Pass,Fail,No
S0385,James Shaw,CSE,7.3,No,Yes,TCS,Core,2023,Pass,Fail,NA,No
S0386,Ashley Gutierrez DDS,Mechanical,8.68,No,Yes,Cognizant,Analyst,2023,Pass,Pass,Fail,No
S0387,Eric Hernandez,Mechanical,8.65,No,No,Capgemini,Tech,2023,Pass,Fail,NA,No
S0388,Glenn Thomas,Mechanical,6.58,No,Yes,Wipro,Tech,2024,Fail,NA,NA,No
S0389,Kimberly Pearson,Electrical,8.28,Yes,Yes,Infosys,Tech,2023,Fail,NA,NA,No
S0390,Maria Henderson,CSE,7.8,Yes,No,Wipro,Analyst,2024,Fail,NA,NA,No
S0391,Dr. Diana Collins,ECE,6.35,No,Yes,Accenture,Analyst,2024,Pass,Pass,Pass,Yes
S0392,Jason Copeland,ECE,6.86,No,Yes,Amazon,Core,2025,Pass,Fail,NA,No
S0393,Timothy Simpson,Civil,7.57,Yes,Yes,Wipro,Core,2024,Fail,NA,NA,No
S0394,Anne Shepherd,Electrical,9.29,No,Yes,EY,Analyst,2023,Pass,Fail,NA,No
S0395,Janice Thompson,CSE,7.91,Yes,Yes,EY,Tech,2023,Fail,NA,NA,No
S0396,Jeremy Donaldson,IT,6.48,No,Yes,Wipro,Tech,2025,Pass,Fail,NA,No
S0397,Denise Lee,ECE,9.46,Yes,Yes,Wipro,Core,2024,Pass,Fail,NA,No
S0398,Charles Jackson,Civil,7.74,Yes,No,TCS,Analyst,2023,Pass,Fail,NA,No
S0399,Mrs. Amanda Holland DDS,CSE,9.51,Yes,No,HCL,Analyst,2024,Pass,Pass,Fail,No
S0400,Amanda White,Mechanical,6.14,No,No,Amazon,Core,2025,Fail,NA,NA,No
S0401,Matthew Henderson,Mechanical,6.15,No,Yes,Infosys,Core,2024,Fail,NA,NA,No
S0402,Joshua Mitchell,ECE,6.08,No,No,Capgemini,Analyst,2025,Fail,NA,NA,No
S0403,Teresa Gregory,IT,6.51,No,No,Capgemini,Core,2024,Fail,NA,NA,No
S0404,Jesus Bennett,CSE,6.71,Yes,No,EY,Core,2024,Fail,NA,NA,No
S0405,Mark Robinson,Civil,9.01,Yes,No,HCL,Analyst,2023,Fail,NA,NA,No
S0406,Mr. James Yoder PhD,Civil,9.34,Yes,Yes,Deloitte,Tech,2023,Pass,Pass,Fail,No
S0407,Dennis Elliott,Electrical,6.76,No,No,HCL,Analyst,2025,Fail,NA,NA,No
S0408,George Savage,Electrical,6.12,No,No,Cognizant,Analyst,2023,Fail,NA,NA,No
S0409,Sarah Lopez,Mechanical,8.23,No,No,Amazon,Analyst,2025,Fail,NA,NA,No
S0410,Timothy Thompson,CSE,7.08,No,Yes,Amazon,Core,2023,Fail,NA,NA,No
S0411,Julie Gutierrez,Electrical,6.86,Yes,No,Wipro,Core,2023,Fail,NA,NA,No
S0412,Kyle Sherman,Electrical,6.03,Yes,Yes,Cognizant,Tech,2023,Pass,Fail,NA,No
S0413,Bryan Mendoza,ECE,8.71,No,No,Wipro,Analyst,2024,Pass,Pass,Fail,No
S0414,Melody Morris,Civil,7.51,Yes,Yes,HCL,Core,2024,Pass,Pass,Pass,Yes
S0415,Crystal Rodriguez,Electrical,6.41,Yes,No,Capgemini,Core,2024,Fail,NA,NA,No
S0416,John Cooper,ECE,8.49,No,Yes,Amazon,Core,2023,Fail,NA,NA,No
S0417,Jorge Miranda,Civil,7.54,No,Yes,Infosys,Core,2024,Fail,NA,NA,No
S0418,Rachel Martinez,ECE,9.45,No,No,Infosys,Core,2025,Fail,NA,NA,No
S0419,Glenda Day,IT,7.3,Yes,No,Accenture,Core,2024,Fail,NA,NA,No
S0420,Diane Jacobs,Electrical,9.33,Yes,No,TCS,Analyst,2023,Fail,NA,NA,No
S0421,Emily Jones,Electrical,9.07,Yes,No,TCS,Tech,2024,Pass,Fail,NA,No
S0422,Regina Thomas MD,Mechanical,8.99,No,No,Capgemini,Core,2024,Pass,Pass,Pass,Yes
S0423,Jennifer Ayala,Electrical,8.22,Yes,No,Deloitte,Core,2023,Fail,NA,NA,No
S0424,James Butler,Mechanical,8.01,No,Yes,Amazon,Tech,2023,Pass,Fail,NA,No
S0425,Nathan Lewis,Mechanical,6.54,Yes,Yes,EY,Analyst,2025,Fail,NA,NA,No
S0426,Marvin Brooks,ECE,8.41,Yes,No,Capgemini,Tech,2023,Pass,Pass,Fail,No
S0427,Stacy Baker,CSE,6.49,No,No,Wipro,Analyst,2024,Pass,Pass,Pass,Yes
S0428,Elizabeth Hill,ECE,9.61,No,Yes,Infosys,Core,2023,Pass,Pass,Fail,No
S0429,Kevin Maldonado,ECE,7.19,Yes,No,HCL,Core,2024,Pass,Fail,NA,No
S0430,Mary Pratt,ECE,9.6,No,No,Wipro,Core,2023,Pass,Fail,NA,No
S0431,Stacey Rodriguez,ECE,8.85,Yes,No,Infosys,Tech,2023,Fail,NA,NA,No
S0432,Madison Murphy,IT,6.8,Yes,Yes,TCS,Analyst,2025,Fail,NA,NA,No
S0433,Andrew Robinson,CSE,7.43,No,Yes,Cognizant,Tech,2025,Pass,Fail,NA,No
S0434,Bryan Garcia,CSE,8.62,No,No,Wipro,Tech,2025,Pass,Fail,NA,No
S0435,Ashley Garcia,IT,8.64,Yes,No,Wipro,Core,2023,Fail,NA,NA,No
S0436,Karen Mason,ECE,8.37,Yes,No,TCS,Core,2025,Pass,Pass,Fail,No
S0437,Robert Franco MD,Mechanical,6.75,Yes,No,HCL,Tech,2024,Fail,NA,NA,No
S0438,Margaret Rice,ECE,6.61,No,Yes,EY,Analyst,2023,Pass,Fail,NA,No
S0439,Theresa Flores,CSE,9.17,No,Yes,TCS,Core,2023,Fail,NA,NA,No
S0440,John Gomez,CSE,9.44,Yes,No,Capgemini,Analyst,2024,Pass,Fail,NA,No
S0441,Paula Jones MD,CSE,9.24,No,No,Wipro,Core,2023,Pass,Fail,NA,No
S0442,Christopher Weeks,CSE,6.04,Yes,Yes,Accenture,Analyst,2024,Fail,NA,NA,No
S0443,Lauren Miller,ECE,9.34,Yes,No,Accenture,Tech,2023,Pass,Fail,NA,No
S0444,William Nguyen,ECE,9.18,No,No,Amazon,Tech,2023,Fail,NA,NA,No
S0445,Lauren Rhodes,CSE,9.73,Yes,Yes,Wipro,Core,2024,Fail,NA,NA,No
S0446,Jessica Perry,Electrical,7.67,No,No,Cognizant,Tech,2025,Fail,NA,NA,No
S0447,Justin Duncan,Electrical,9.7,Yes,No,EY,Tech,2024,Pass,Pass,Fail,No
S0448,Stacey Dorsey,CSE,8.68,Yes,No,HCL,Core,2025,Fail,NA,NA,No
S0449,Alyssa Pearson,CSE,7.64,Yes,No,Accenture,Core,2025,Fail,NA,NA,No
S0450,Juan Jones,IT,9.19,Yes,Yes,Amazon,Core,2024,Fail,NA,NA,No
S0451,Justin Hunt,IT,6.28,No,No,Deloitte,Analyst,2024,Pass,Pass,Fail,No
S0452,Daniel Martinez,Mechanical,9.1,Yes,No,EY,Core,2024,Pass,Pass,Pass,Yes
S0453,David Garner,Mechanical,8.83,Yes,Yes,Wipro,Analyst,2023,Pass,Pass,Pass,Yes
S0454,Joshua Smith,Civil,9.66,No,Yes,EY,Analyst,2024,Fail,NA,NA,No
S0455,Lindsay Miller,IT,9.21,No,No,Accenture,Core,2024,Pass,Fail,NA,No
S0456,Tristan Williams DDS,IT,6.01,No,No,HCL,Core,2024,Fail,NA,NA,No
S0457,Ms. Carla King,CSE,9.41,No,Yes,Wipro,Tech,2024,Pass,Pass,Fail,No
S0458,Sara Vaughn,Mechanical,6.82,Yes,No,TCS,Analyst,2023,Fail,NA,NA,No
S0459,Daniel Perez,Electrical,8.24,No,No,Cognizant,Core,2023,Fail,NA,NA,No
S0460,Joshua Wu,CSE,8.02,Yes,No,Cognizant,Analyst,2025,Fail,NA,NA,No
S0461,William Welch,IT,8.63,Yes,Yes,TCS,Analyst,2025,Pass,Fail,NA,No
S0462,Rebecca Larsen,Civil,9.35,No,Yes,Capgemini,Analyst,2024,Fail,NA,NA,No
S0463,Brandon Johnson,Mechanical,9.06,Yes,No,Cognizant,Core,2025,Pass,Fail,NA,No
S0464,Cynthia Powell,Civil,9.27,Yes,Yes,Deloitte,Core,2025,Pass,Pass,Fail,No
S0465,Denise Cooper,Electrical,8.47,Yes,No,TCS,Analyst,2025,Pass,Pass,Fail,No
S0466,Alexander Crawford,Mechanical,8.56,No,No,Infosys,Core,2023,Pass,Pass,Fail,No
S0467,Jamie Wilson,IT,7.01,Yes,No,Capgemini,Tech,2023,Fail,NA,NA,No
S0468,James King,ECE,6.78,Yes,No,EY,Tech,2025,Fail,NA,NA,No
S0469,Brandy Gonzalez,Electrical,8.14,Yes,No,Deloitte,Core,2025,Pass,Fail,NA,No
S0470,Bradley Brown,Mechanical,7.47,No,Yes,Infosys,Core,2024,Pass,Fail,NA,No
S0471,Valerie Webb,Mechanical,9.15,No,Yes,Deloitte,Analyst,2024,Pass,Fail,NA,No
S0472,Melanie Wall,IT,9.66,Yes,No,Infosys,Analyst,2024,Pass,Pass,Fail,No
S0473,Natalie Black,ECE,6.02,No,Yes,Infosys,Tech,2024,Fail,NA,NA,No
S0474,William Collins,Electrical,8.34,No,No,Cognizant,Core,2024,Pass,Fail,NA,No
S0475,Carolyn Herrera,Civil,6.84,Yes,Yes,HCL,Tech,2024,Fail,NA,NA,No
S0476,Sandra Garner,Mechanical,6.35,Yes,Yes,Accenture,Analyst,2024,Pass,Fail,NA,No
S0477,Carmen Mills,Civil,8.02,Yes,Yes,Accenture,Analyst,2023,Fail,NA,NA,No
S0478,Jennifer Wolf,Civil,9.49,Yes,Yes,Accenture,Analyst,2023,Pass,Pass,Pass,Yes
S0479,Evan Bauer,Civil,9.12,No,No,EY,Tech,2024,Fail,NA,NA,No
S0480,Barbara Berger,IT,7.22,Yes,Yes,Amazon,Core,2025,Pass,Pass,Fail,No
S0481,Kyle Pennington,IT,9.29,No,Yes,Deloitte,Core,2025,Fail,NA,NA,No
S0482,Timothy Evans,Electrical,8.95,Yes,Yes,Infosys,Analyst,2025,Pass,Pass,Pass,Yes
S0483,Danielle Mitchell,ECE,8.12,Yes,No,Wipro,Analyst,2024,Fail,NA,NA,No
S0484,Peter Vargas,Mechanical,7.2,No,Yes,HCL,Tech,2025,Fail,NA,NA,No
S0485,Jennifer Hensley,CSE,8.87,Yes,Yes,Accenture,Core,2023,Pass,Pass,Fail,No
S0486,Diana Middleton,ECE,8.91,No,No,Wipro,Core,2023,Pass,Fail,NA,No
S0487,Jorge May,IT,8.84,No,Yes,Capgemini,Core,2025,Fail,NA,NA,No
S0488,Chad Johnson,CSE,8.1,Yes,Yes,Infosys,Tech,2025,Pass,Pass,Fail,No
S0489,William Edwards,ECE,6.8,No,Yes,Wipro,Core,2025,Pass,Pass,Fail,No
S0490,John Lopez,ECE,6.74,Yes,Yes,HCL,Analyst,2025,Fail,NA,NA,No
S0491,Melissa Clark,ECE,8.55,No,Yes,Deloitte,Core,2025,Pass,Pass,Pass,Yes
S0492,Shane Johnson,Electrical,6.89,No,Yes,Deloitte,Analyst,2024,Pass,Fail,NA,No
S0493,Tyler Evans,ECE,8.64,Yes,No,Accenture,Analyst,2023,Pass,Pass,Pass,Yes
S0494,Andrea Mcgee,Electrical,8.44,No,No,Amazon,Core,2025,Pass,Fail,NA,No
S0495,Gabriel Cole,Mechanical,7.36,No,No,HCL,Tech,2023,Fail,NA,NA,No
S0496,Veronica Hanna,CSE,9.2,Yes,Yes,Capgemini,Core,2025,Pass,Pass,Pass,Yes
S0497,Jennifer Carlson,Civil,8.4,No,Yes,Infosys,Core,2024,Pass,Fail,NA,No
S0498,Rebecca Stewart,Mechanical,8.48,Yes,No,Wipro,Tech,2025,Fail,NA,NA,No
S0499,Sarah Noble,ECE,6.51,Yes,No,Accenture,Core,2023,Fail,NA,NA,No
S0500,Michelle Hernandez,Civil,8.6,Yes,No,Amazon,Tech,2025,Fail,NA,NA,No
S0501,Robert Osborne,Electrical,9.31,Yes,No,Accenture,Tech,2023,Fail,NA,NA,No
S0502,Timothy Hoffman,IT,6.24,No,Yes,Infosys,Core,2023,Fail,NA,NA,No
S0503,Marissa Thompson,ECE,7.47,No,Yes,Infosys,Core,2024,Pass,Fail,NA,No
S0504,Felicia Branch,Electrical,9.15,No,Yes,Wipro,Core,2024,Pass,Pass,Fail,No
S0505,Elaine Diaz,Civil,6.96,Yes,No,Accenture,Analyst,2024,Fail,NA,NA,No
S0506,Jennifer Perez,Civil,6.03,Yes,No,Amazon,Tech,2023,Fail,NA,NA,No
S0507,Bobby Kelly,ECE,6.8,Yes,Yes,Accenture,Core,2025,Fail,NA,NA,No
S0508,Charles Cole,Electrical,6.88,No,Yes,EY,Core,2024,Pass,Fail,NA,No
S0509,Katie Hayes,Electrical,9.17,Yes,Yes,Infosys,Tech,2025,Pass,Pass,Pass,Yes
S0510,Cheryl Jackson,Civil,6.56,Yes,No,Amazon,Core,2024,Fail,NA,NA,No
S0511,Eric Martinez,Civil,8.42,No,Yes,Deloitte,Analyst,2025,Fail,NA,NA,No
S0512,Stephanie Pope,Mechanical,6.65,No,Yes,Cognizant,Tech,2025,Fail,NA,NA,No
S0513,Tony Gonzalez,ECE,6.64,No,No,Cognizant,Core,2023,Pass,Fail,NA,No
S0514,Melvin White,CSE,6.06,No,Yes,Cognizant,Tech,2023,Pass,Fail,NA,No
S0515,Lisa Carter,CSE,9.34,Yes,Yes,EY,Core,2023,Fail,NA,NA,No
S0516,Tracy Nolan,Civil,9.14,No,No,Accenture,Tech,2025,Pass,Pass,Fail,No
S0517,Thomas Espinoza,Mechanical,7.33,Yes,No,Amazon,Analyst,2024,Fail,NA,NA,No
S0518,Stephen Bartlett,CSE,7.08,No,No,Deloitte,Tech,2025,Fail,NA,NA,No
S0519,Thomas Lam,CSE,8.2,Yes,Yes,Wipro,Core,2023,Fail,NA,NA,No
S0520,Kurt Simmons,ECE,7.55,Yes,Yes,Wipro,Core,2025,Pass,Fail,NA,No
S0521,Chelsea Schaefer,Mechanical,8.15,No,No,Deloitte,Analyst,2025,Fail,NA,NA,No
S0522,Amy Holmes,Mechanical,6.68,No,No,Capgemini,Core,2024,Fail,NA,NA,No
S0523,Cynthia Carter,Mechanical,8.8,Yes,Yes,EY,Core,2023,Pass,Pass,Fail,No
S0524,Joshua Cooper,Civil,8.33,Yes,Yes,Wipro,Core,2023,Fail,NA,NA,No
S0525,Katherine Jefferson,IT,7.79,No,Yes,TCS,Analyst,2023,Pass,Fail,NA,No
S0526,Jean Richardson,Electrical,7.46,No,No,Cognizant,Tech,2023,Fail,NA,NA,No
S0527,Jacob Cochran,Mechanical,6.04,No,Yes,Infosys,Core,2025,Fail,NA,NA,No
S0528,Teresa Willis,IT,8.34,Yes,No,Deloitte,Core,2023,Fail,NA,NA,No
S0529,Lindsay Key,CSE,9.79,No,No,Wipro,Analyst,2025,Pass,Pass,Fail,No
S0530,Sarah Strickland,CSE,8.09,No,No,Capgemini,Tech,2025,Fail,NA,NA,No
S0531,Gabrielle Henderson,Mechanical,9.53,Yes,No,Amazon,Analyst,2025,Pass,Pass,Pass,Yes
S0532,Brenda Wall,CSE,9.05,No,No,EY,Analyst,2025,Pass,Pass,Pass,Yes
S0533,Michael Moore,Mechanical,8.59,Yes,No,TCS,Analyst,2023,Pass,Fail,NA,No
S0534,Misty Durham,IT,8.57,Yes,No,Wipro,Analyst,2025,Pass,Fail,NA,No
S0535,Connor Martinez,ECE,6.94,Yes,No,Accenture,Tech,2025,Fail,NA,NA,No
S0536,Timothy Jackson,Mechanical,7.19,Yes,No,Amazon,Core,2025,Fail,NA,NA,No
S0537,John Hernandez,IT,7.9,Yes,Yes,Deloitte,Analyst,2023,Pass,Fail,NA,No
S0538,Michelle Clark,Civil,7.35,Yes,Yes,TCS,Core,2025,Pass,Pass,Fail,No
S0539,Mary Sandoval,CSE,9.22,No,No,EY,Core,2024,Pass,Fail,NA,No
S0540,Laura Williams,Civil,7.07,Yes,Yes,Infosys,Core,2024,Pass,Pass,Pass,Yes
S0541,Christina Hamilton,Mechanical,9.27,Yes,No,TCS,Core,2025,Pass,Fail,NA,No
S0542,Mrs. Dawn Lane,CSE,8.56,No,Yes,Accenture,Analyst,2025,Fail,NA,NA,No
S0543,Travis Roberson,IT,8.08,Yes,No,EY,Core,2024,Pass,Pass,Pass,Yes
S0544,Matthew Parker,Electrical,8.86,No,No,Capgemini,Analyst,2023,Pass,Fail,NA,No
S0545,Melanie Jefferson,Electrical,6.87,Yes,No,Deloitte,Core,2024,Fail,NA,NA,No
S0546,Christine Fowler,IT,6.55,Yes,No,Infosys,Tech,2024,Pass,Fail,NA,No
S0547,Lisa Williams,Electrical,7.96,No,No,Capgemini,Analyst,2025,Fail,NA,NA,No
S0548,Robert Strickland,CSE,7.51,Yes,Yes,Deloitte,Analyst,2024,Fail,NA,NA,No
S0549,Sandra Gordon MD,CSE,7.71,No,No,Accenture,Analyst,2025,Pass,Fail,NA,No
S0550,Barbara Thompson,ECE,6.08,Yes,No,Cognizant,Tech,2025,Fail,NA,NA,No
S0551,Elizabeth Castro,Electrical,8.05,No,No,Accenture,Core,2025,Pass,Fail,NA,No
S0552,Darlene Gonzales,CSE,7.45,No,No,Amazon,Tech,2025,Fail,NA,NA,No
S0553,Adam Brown,ECE,7.6,No,Yes,TCS,Tech,2024,Pass,Pass,Pass,Yes
S0554,Matthew Padilla,ECE,8.3,No,No,EY,Analyst,2025,Pass,Fail,NA,No
S0555,James Martin,Mechanical,6.64,Yes,Yes,Deloitte,Core,2024,Fail,NA,NA,No
S0556,Christine Walters,Electrical,8.85,Yes,Yes,Wipro,Tech,2023,Pass,Fail,NA,No
S0557,Nicholas Hill Jr.,Civil,6.2,No,Yes,TCS,Analyst,2025,Pass,Fail,NA,No
S0558,Hayden Crosby,Mechanical,7.18,Yes,No,EY,Core,2023,Pass,Fail,NA,No
S0559,Ann Valencia,CSE,6.13,No,No,EY,Analyst,2025,Fail,NA,NA,No
S0560,Michael Pennington Jr.,Civil,7.69,Yes,No,Cognizant,Analyst,2025,Fail,NA,NA,No
S0561,James Luna,Civil,7.18,No,No,HCL,Tech,2023,Pass,Pass,Pass,Yes
S0562,Timothy Patterson,ECE,6.04,Yes,No,Capgemini,Analyst,2025,Pass,Fail,NA,No
S0563,Brenda Robertson,Mechanical,7.14,No,No,Cognizant,Tech,2023,Pass,Pass,Fail,No
S0564,Joshua Hill,Mechanical,7.5,Yes,No,Wipro,Tech,2024,Pass,Fail,NA,No
S0565,Sheila Douglas,Civil,8.91,No,No,HCL,Analyst,2024,Pass,Pass,Pass,Yes
S0566,Richard Le,CSE,8.42,No,No,Cognizant,Analyst,2023,Pass,Pass,Fail,No
S0567,Todd Sanders,CSE,6.71,Yes,No,Capgemini,Tech,2025,Pass,Pass,Pass,Yes
S0568,Janice Jones,CSE,7.88,No,No,Capgemini,Analyst,2024,Pass,Fail,NA,No
S0569,Nathaniel Sims,ECE,6.3,Yes,Yes,Capgemini,Analyst,2023,Fail,NA,NA,No
S0570,Tim Baldwin,IT,6.73,No,No,Infosys,Tech,2025,Pass,Fail,NA,No
S0571,Kristine Randall,Mechanical,6.94,Yes,Yes,EY,Core,2023,Pass,Fail,NA,No
S0572,Jesse Conner,Mechanical,7.48,No,No,Amazon,Core,2025,Pass,Fail,NA,No
S0573,Clinton Boone,Civil,6.46,No,No,Deloitte,Analyst,2023,Fail,NA,NA,No
S0574,Charles Blackwell,IT,9.7,Yes,No,Accenture,Tech,2023,Fail,NA,NA,No
S0575,Albert Erickson,Civil,6.45,Yes,Yes,Infosys,Core,2025,Pass,Pass,Pass,Yes
S0576,Andrew Davis,CSE,6.95,No,Yes,Cognizant,Analyst,2025,Pass,Pass,Pass,Yes
S0577,Tasha Paul,Civil,9.01,Yes,No,Deloitte,Analyst,2025,Fail,NA,NA,No
S0578,Mark Williams,ECE,9.06,No,Yes,Infosys,Core,2024,Pass,Pass,Fail,No
S0579,Tina Cox,Mechanical,8.69,No,No,Deloitte,Core,2023,Pass,Pass,Pass,Yes
S0580,Emily Watts,Civil,9.48,Yes,Yes,HCL,Tech,2024,Pass,Pass,Pass,Yes
S0581,Peggy Jefferson,CSE,8.95,No,Yes,Infosys,Core,2024,Fail,NA,NA,No
S0582,Angela Bryant,IT,7.22,Yes,No,Deloitte,Core,2025,Pass,Fail,NA,No
S0583,Andrea Sutton DVM,Civil,7.08,No,No,TCS,Tech,2025,Fail,NA,NA,No
S0584,Courtney Taylor,CSE,9.17,Yes,Yes,Infosys,Tech,2023,Pass,Pass,Fail,No
S0585,Laurie Wolfe,Mechanical,8.5,No,Yes,Accenture,Tech,2025,Fail,NA,NA,No
S0586,Angela Williams,CSE,9.53,Yes,No,TCS,Analyst,2025,Pass,Pass,Fail,No
S0587,Jessica Wright,Mechanical,9.12,Yes,No,HCL,Tech,2025,Pass,Pass,Fail,No
S0588,Mr. Brian Allen,Civil,6.37,Yes,No,Deloitte,Tech,2025,Fail,NA,NA,No
S0589,Eric Wise,Civil,8.38,Yes,No,TCS,Core,2025,Pass,Pass,Fail,No
S0590,Ashley Rios,CSE,6.63,Yes,No,HCL,Analyst,2025,Pass,Fail,NA,No
S0591,Jennifer Patrick,Mechanical,9.55,No,No,Accenture,Analyst,2025,Pass,Fail,NA,No
S0592,Tyrone Allen,Civil,6.91,Yes,No,HCL,Core,2024,Pass,Pass,Fail,No
S0593,Alex Johnson,CSE,8.76,No,Yes,HCL,Tech,2024,Pass,Fail,NA,No
S0594,Joseph Johnson,IT,9.25,Yes,No,HCL,Core,2025,Pass,Pass,Pass,Yes
S0595,Mr. Cameron Lewis DDS,Mechanical,7.35,Yes,No,Accenture,Core,2023,Pass,Fail,NA,No
S0596,William Sellers,CSE,8.17,Yes,Yes,Accenture,Analyst,2023,Pass,Fail,NA,No
S0597,Anthony Ortiz,Electrical,8.19,Yes,No,Infosys,Core,2025,Pass,Fail,NA,No
S0598,Dana Reed,ECE,7.32,No,No,TCS,Tech,2025,Fail,NA,NA,No
S0599,Karen Moreno,Civil,9.53,No,Yes,Capgemini,Core,2023,Pass,Pass,Pass,Yes
S0600,Sheri Rogers,Electrical,6.84,Yes,No,EY,Core,2025,Pass,Pass,Pass,Yes
S0601,Stephanie Osborne,Mechanical,6.56,No,Yes,EY,Core,2025,Pass,Pass,Pass,Yes
S0602,Carl Anderson,Civil,7.65,Yes,Yes,EY,Core,2023,Pass,Pass,Pass,Yes
S0603,Karl Brown,Civil,9.79,Yes,Yes,TCS,Analyst,2024,Pass,Fail,NA,No
S0604,Charles Thompson,CSE,6.43,No,No,Accenture,Analyst,2023,Pass,Fail,NA,No
S0605,Rick Cortez,CSE,8.92,Yes,No,Cognizant,Analyst,2025,Pass,Pass,Fail,No
S0606,Charles Jimenez,IT,8.6,Yes,Yes,TCS,Core,2023,Pass,Pass,Pass,Yes
S0607,Arthur Schultz,ECE,6.05,Yes,No,EY,Analyst,2023,Pass,Fail,NA,No
S0608,April Whitney,IT,6.77,No,No,Cognizant,Core,2023,Fail,NA,NA,No
S0609,Ricardo Frank,Electrical,6.07,Yes,No,Amazon,Tech,2024,Pass,Fail,NA,No
S0610,James West,ECE,6.2,Yes,Yes,Wipro,Core,2024,Fail,NA,NA,No
S0611,Renee Gonzalez,Electrical,7.37,Yes,Yes,Capgemini,Core,2024,Pass,Pass,Fail,No
S0612,Kristina Reid,CSE,9.43,No,Yes,Amazon,Tech,2025,Fail,NA,NA,No
S0613,Ricky Preston,Civil,9.52,Yes,Yes,Deloitte,Core,2024,Pass,Pass,Pass,Yes
S0614,Angela Cameron,ECE,8.6,No,No,Deloitte,Core,2024,Fail,NA,NA,No
S0615,Ryan Ramirez,Electrical,6.98,No,Yes,HCL,Analyst,2023,Pass,Fail,NA,No
S0616,Scott Wilkerson,Electrical,6.52,No,Yes,Wipro,Tech,2025,Pass,Fail,NA,No
S0617,Samantha Guzman,Civil,7.25,Yes,Yes,Amazon,Core,2025,Fail,NA,NA,No
S0618,Donald Jones,IT,9.28,No,Yes,Wipro,Tech,2025,Fail,NA,NA,No
S0619,Alyssa Hicks,IT,7.21,Yes,Yes,Accenture,Tech,2025,Pass,Pass,Fail,No
S0620,Breanna Delacruz,Mechanical,7.15,No,Yes,Deloitte,Tech,2023,Pass,Fail,NA,No
S0621,Tammy Franklin,Civil,8.34,Yes,Yes,Deloitte,Core,2023,Pass,Pass,Pass,Yes
S0622,Jack Williamson,Civil,9.22,No,No,Amazon,Analyst,2024,Pass,Pass,Pass,Yes
S0623,Vincent Merritt,Mechanical,8.91,Yes,No,Wipro,Tech,2025,Fail,NA,NA,No
S0624,Mrs. Diana Martinez DDS,IT,8.88,Yes,Yes,EY,Core,2024,Fail,NA,NA,No
S0625,Sean Cortez,Mechanical,9.37,No,No,Infosys,Core,2025,Fail,NA,NA,No
S0626,Anthony Marquez,Electrical,7.19,Yes,Yes,EY,Analyst,2023,Fail,NA,NA,No
S0627,Evelyn Valenzuela,IT,7.97,No,Yes,HCL,Analyst,2025,Fail,NA,NA,No
S0628,Carlos Mckenzie,CSE,6.72,No,No,Capgemini,Analyst,2024,Pass,Pass,Fail,No
S0629,Charles Graham,Electrical,7.96,Yes,No,EY,Tech,2025,Pass,Pass,Fail,No
S0630,Jennifer Dominguez,Electrical,8.08,No,No,Accenture,Analyst,2023,Pass,Fail,NA,No
S0631,Katherine Sanchez,Electrical,9.4,No,Yes,Capgemini,Analyst,2025,Pass,Fail,NA,No
S0632,Louis Benton,IT,8.73,Yes,Yes,TCS,Core,2024,Pass,Pass,Fail,No
S0633,Carlos Davidson,Electrical,9.01,Yes,No,HCL,Analyst,2023,Fail,NA,NA,No
S0634,Charles Benson,ECE,8.15,Yes,Yes,Amazon,Tech,2025,Pass,Pass,Fail,No
S0635,Brandon Lawrence,Mechanical,7.1,Yes,Yes,Amazon,Tech,2023,Fail,NA,NA,No
S0636,Alicia Bush,ECE,6.05,No,No,HCL,Tech,2025,Fail,NA,NA,No
S0637,Shawn Bennett,IT,6.82,No,No,Wipro,Analyst,2023,Fail,NA,NA,No
S0638,Jonathan Brady,CSE,6.93,No,Yes,Infosys,Tech,2023,Pass,Pass,Pass,Yes
S0639,Robert Fernandez,CSE,8.53,No,No,TCS,Tech,2023,Pass,Pass,Fail,No
S0640,Donna Becker,Civil,8.51,Yes,No,Cognizant,Analyst,2023,Pass,Pass,Pass,Yes
S0641,Maria Nelson,Mechanical,9.12,No,Yes,Capgemini,Analyst,2023,Pass,Fail,NA,No
S0642,Dustin Andersen,ECE,8.0,Yes,Yes,Cognizant,Tech,2023,Pass,Fail,NA,No
S0643,Crystal Carter,Civil,9.75,No,No,Wipro,Core,2024,Pass,Fail,NA,No
S0644,Keith Bowman,Civil,7.34,Yes,No,HCL,Core,2025,Pass,Fail,NA,No
S0645,George Odom,Civil,6.88,No,Yes,Infosys,Tech,2023,Pass,Fail,NA,No
S0646,Tina Hernandez,Electrical,9.22,No,No,Infosys,Analyst,2024,Pass,Fail,NA,No
S0647,Evan Pope,CSE,8.43,No,No,TCS,Analyst,2024,Pass,Pass,Pass,Yes
S0648,Linda Garcia,Electrical,7.27,No,Yes,Amazon,Tech,2024,Fail,NA,NA,No
S0649,Douglas Howard,Electrical,7.82,No,Yes,Amazon,Analyst,2023,Fail,NA,NA,No
S0650,Dr. Erin Hicks MD,Civil,9.4,No,No,Infosys,Core,2024,Pass,Fail,NA,No
S0651,Amber Cuevas,Civil,8.04,Yes,No,Accenture,Tech,2023,Pass,Pass,Fail,No
S0652,James Burns,Electrical,8.03,Yes,No,Amazon,Core,2023,Fail,NA,NA,No
S0653,Cheryl Gordon,ECE,8.68,No,Yes,Capgemini,Analyst,2023,Pass,Pass,Pass,Yes
S0654,Donna Cunningham,ECE,6.82,No,Yes,TCS,Analyst,2023,Fail,NA,NA,No
S0655,Jennifer Murphy,CSE,7.69,Yes,No,HCL,Tech,2023,Pass,Pass,Fail,No
S0656,Elizabeth Jenkins,ECE,8.95,Yes,Yes,HCL,Core,2023,Pass,Pass,Pass,Yes
S0657,Stephanie Howard,Civil,6.44,No,Yes,Cognizant,Tech,2024,Pass,Pass,Pass,Yes
S0658,Nicholas Crawford,Electrical,8.83,Yes,No,Deloitte,Analyst,2023,Pass,Pass,Pass,Yes
S0659,Sarah Martin,Mechanical,8.55,No,Yes,Amazon,Analyst,2023,Pass,Fail,NA,No
S0660,Shannon Rodriguez,Civil,6.39,No,No,Capgemini,Tech,2025,Fail,NA,NA,No
S0661,Charles Fox,Civil,6.93,Yes,No,Cognizant,Analyst,2025,Pass,Pass,Pass,Yes
S0662,Debra Blair,Electrical,6.19,No,Yes,TCS,Analyst,2024,Pass,Fail,NA,No
S0663,Anna Phelps,Civil,8.39,No,No,Capgemini,Analyst,2023,Fail,NA,NA,No
S0664,Heather Gibson,Electrical,9.08,Yes,No,Cognizant,Tech,2023,Fail,NA,NA,No
S0665,Carolyn Smith,Electrical,7.78,No,No,EY,Analyst,2023,Fail,NA,NA,No
S0666,Jason Rogers,IT,9.27,No,No,Wipro,Tech,2025,Fail,NA,NA,No
S0667,Jeffery Ford,ECE,9.0,No,No,EY,Tech,2023,Pass,Pass,Pass,Yes
S0668,Christopher Delgado,IT,7.07,No,Yes,HCL,Tech,2024,Fail,NA,NA,No
S0669,Sarah Martinez,CSE,7.24,Yes,No,HCL,Analyst,2024,Fail,NA,NA,No
S0670,Carla Mullen,IT,8.36,Yes,No,Wipro,Tech,2024,Pass,Fail,NA,No
S0671,Derek Nguyen,Mechanical,8.98,No,No,HCL,Core,2023,Pass,Fail,NA,No
S0672,Eric Grant,Electrical,9.54,No,Yes,Cognizant,Core,2024,Pass,Pass,Pass,Yes
S0673,Christine Thomas,ECE,9.63,Yes,Yes,Cognizant,Analyst,2024,Pass,Pass,Pass,Yes
S0674,Amanda Farmer,IT,9.37,Yes,Yes,Amazon,Analyst,2025,Pass,Pass,Pass,Yes
S0675,Wendy Miranda,IT,8.59,No,No,Cognizant,Core,2024,Fail,NA,NA,No
S0676,Nicholas Wilcox,Mechanical,8.73,No,Yes,Cognizant,Tech,2025,Fail,NA,NA,No
S0677,Phillip Decker,Mechanical,9.22,No,Yes,Accenture,Core,2023,Pass,Pass,Fail,No
S0678,Craig Oneal,CSE,9.27,Yes,Yes,Wipro,Core,2025,Pass,Pass,Pass,Yes
S0679,Luis Case,Mechanical,7.65,Yes,Yes,EY,Tech,2023,Pass,Fail,NA,No
S0680,Christina Conley,ECE,9.19,Yes,No,Amazon,Tech,2023,Pass,Pass,Fail,No
S0681,Mary Stone,Mechanical,8.5,Yes,Yes,Amazon,Core,2024,Fail,NA,NA,No
S0682,Robert Bartlett,Electrical,8.3,No,Yes,EY,Core,2024,Pass,Pass,Pass,Yes
S0683,Anna Woodard,IT,7.61,Yes,No,Deloitte,Core,2025,Pass,Fail,NA,No
S0684,Lisa Terry,Civil,7.39,Yes,No,Accenture,Tech,2025,Pass,Fail,NA,No
S0685,Alicia Carpenter,IT,8.77,No,No,HCL,Tech,2025,Fail,NA,NA,No
S0686,James Lewis,CSE,6.93,Yes,No,Cognizant,Tech,2024,Pass,Pass,Pass,Yes
S0687,Justin Pope,Mechanical,8.18,No,No,Accenture,Analyst,2024,Pass,Fail,NA,No
S0688,William Martinez,Civil,8.85,No,Yes,EY,Core,2023,Pass,Fail,NA,No
S0689,Dakota Brown,ECE,9.07,Yes,No,EY,Tech,2023,Pass,Fail,NA,No
S0690,William Davis,ECE,6.96,No,No,Capgemini,Tech,2025,Pass,Pass,Fail,No
S0691,Jennifer Peterson,IT,8.5,No,Yes,Capgemini,Core,2023,Pass,Fail,NA,No
S0692,Ryan Lee,CSE,7.3,Yes,Yes,Cognizant,Tech,2024,Fail,NA,NA,No
S0693,Laura Gibbs,Mechanical,8.93,Yes,No,Amazon,Tech,2025,Fail,NA,NA,No
S0694,Angela Fitzpatrick,ECE,6.21,No,Yes,Infosys,Tech,2024,Pass,Pass,Fail,No
S0695,Daniel Wells,Civil,6.89,No,No,Capgemini,Tech,2025,Fail,NA,NA,No
S0696,Jenny Cooper,CSE,7.1,No,No,Accenture,Core,2025,Fail,NA,NA,No
S0697,Ashley Meyer,CSE,9.49,No,No,Cognizant,Core,2024,Pass,Pass,Pass,Yes
S0698,Brian Green,Electrical,8.22,No,Yes,Cognizant,Tech,2025,Pass,Fail,NA,No
S0699,Miss Kimberly Watson MD,IT,7.19,Yes,Yes,TCS,Tech,2024,Pass,Pass,Pass,Yes
S0700,Joel Mason,IT,8.76,No,Yes,Infosys,Tech,2025,Pass,Fail,NA,No
S0701,Michael Neal,Electrical,9.4,Yes,Yes,TCS,Tech,2025,Pass,Pass,Fail,No
S0702,Jennifer Mitchell MD,Civil,9.05,Yes,Yes,Amazon,Analyst,2024,Pass,Fail,NA,No
S0703,Olivia Powell,Electrical,7.72,No,No,Accenture,Analyst,2023,Fail,NA,NA,No
S0704,Joseph Payne,ECE,8.95,No,No,Accenture,Tech,2024,Fail,NA,NA,No
S0705,Penny Rodriguez,ECE,6.68,Yes,No,Deloitte,Core,2024,Pass,Pass,Pass,Yes
S0706,Melissa Christensen,Mechanical,6.83,Yes,No,Capgemini,Tech,2023,Pass,Fail,NA,No
S0707,Samantha Webster,ECE,8.95,Yes,No,Amazon,Core,2025,Pass,Pass,Pass,Yes
S0708,Nathan Grant,IT,8.66,No,Yes,HCL,Core,2024,Pass,Pass,Fail,No
S0709,Derek Moses,CSE,8.05,Yes,No,EY,Tech,2025,Pass,Fail,NA,No
S0710,Alison Carpenter,ECE,8.59,No,Yes,TCS,Analyst,2025,Fail,NA,NA,No
S0711,Paul Adams,ECE,6.31,No,No,Deloitte,Tech,2025,Pass,Fail,NA,No
S0712,Stephanie Prince,IT,7.14,No,Yes,Accenture,Analyst,2023,Fail,NA,NA,No
S0713,Mrs. Jean Mason,Mechanical,8.79,Yes,Yes,Deloitte,Tech,2025,Fail,NA,NA,No
S0714,Christian Campbell,IT,7.86,Yes,No,EY,Core,2024,Fail,NA,NA,No
S0715,Brian Daniel,CSE,6.14,Yes,No,Infosys,Analyst,2023,Pass,Fail,NA,No
S0716,Vickie King,Civil,7.74,Yes,Yes,TCS,Tech,2025,Pass,Pass,Pass,Yes
S0717,William Parker,Civil,6.17,Yes,Yes,Amazon,Core,2023,Fail,NA,NA,No
S0718,Andrew Roberts,CSE,7.73,Yes,Yes,TCS,Tech,2024,Fail,NA,NA,No
S0719,Lindsay Sutton MD,Civil,6.84,Yes,No,Accenture,Core,2025,Pass,Pass,Fail,No
S0720,Patricia Fowler,Civil,6.52,Yes,Yes,Cognizant,Tech,2024,Pass,Pass,Fail,No
S0721,Amy Ferguson,IT,8.65,Yes,No,Deloitte,Core,2023,Pass,Fail,NA,No
S0722,Stanley Alexander,Electrical,8.33,Yes,Yes,EY,Tech,2023,Pass,Fail,NA,No
S0723,Mario Stephenson,Electrical,8.48,No,No,EY,Core,2023,Pass,Fail,NA,No
S0724,Sara Wilkins,Civil,7.71,Yes,Yes,Cognizant,Core,2023,Fail,NA,NA,No
S0725,Judith Dunn,Electrical,7.9,Yes,No,Accenture,Analyst,2023,Pass,Pass,Fail,No
S0726,Amber Payne MD,CSE,8.35,Yes,No,Deloitte,Analyst,2023,Pass,Fail,NA,No
S0727,Mark Sanford,Electrical,9.21,No,No,Amazon,Tech,2025,Fail,NA,NA,No
S0728,Cole Perez,CSE,8.45,No,Yes,Wipro,Analyst,2024,Pass,Fail,NA,No
S0729,Leslie Paul,Mechanical,6.16,Yes,Yes,Amazon,Tech,2024,Fail,NA,NA,No
S0730,Christopher Jackson,CSE,9.4,No,No,Wipro,Tech,2025,Fail,NA,NA,No
S0731,Maria Ortega,ECE,6.87,Yes,No,Deloitte,Tech,2023,Fail,NA,NA,No
S0732,Mark Ross,IT,7.43,Yes,Yes,EY,Core,2024,Pass,Pass,Pass,Yes
S0733,Samantha Martin,Civil,7.73,No,No,Amazon,Analyst,2025,Pass,Pass,Pass,Yes
S0734,Tracy Williams,ECE,6.48,Yes,No,Amazon,Tech,2024,Pass,Pass,Pass,Yes
S0735,Lisa Davies,ECE,8.29,Yes,Yes,TCS,Analyst,2025,Pass,Fail,NA,No
S0736,Jennifer Silva,Civil,7.8,No,No,Infosys,Core,2024,Fail,NA,NA,No
S0737,Lindsey Vaughan,IT,6.94,No,Yes,Cognizant,Tech,2025,Fail,NA,NA,No
S0738,Cynthia Nicholson,Mechanical,9.72,Yes,No,HCL,Tech,2024,Pass,Pass,Fail,No
S0739,Holly Davis,CSE,7.72,Yes,Yes,HCL,Tech,2025,Fail,NA,NA,No
S0740,Amanda Greene,IT,6.5,No,Yes,TCS,Tech,2024,Fail,NA,NA,No
S0741,Brett Williams,IT,8.67,Yes,No,EY,Tech,2025,Pass,Fail,NA,No
S0742,Mrs. Leslie Andrade,ECE,8.38,Yes,Yes,Wipro,Core,2024,Pass,Pass,Fail,No
S0743,Joel Hodge,Electrical,9.6,Yes,Yes,Cognizant,Analyst,2025,Fail,NA,NA,No
S0744,Steven Simmons,Civil,9.59,No,Yes,TCS,Analyst,2024,Pass,Pass,Pass,Yes
S0745,Suzanne Garcia,Electrical,8.12,Yes,Yes,Amazon,Analyst,2023,Pass,Pass,Fail,No
S0746,Ashley Lewis,Civil,9.31,Yes,Yes,Accenture,Analyst,2024,Pass,Pass,Pass,Yes
S0747,Kristina Vasquez,ECE,7.31,No,Yes,EY,Core,2025,Fail,NA,NA,No
S0748,Elizabeth Ramirez,Civil,9.42,No,No,TCS,Tech,2024,Pass,Pass,Pass,Yes
S0749,Cody Wise,CSE,6.42,No,Yes,Amazon,Analyst,2023,Fail,NA,NA,No
S0750,Kelly Jones,Civil,9.62,Yes,No,Wipro,Core,2025,Fail,NA,NA,No
S0751,Erica Hamilton,Mechanical,7.32,No,Yes,Capgemini,Tech,2023,Pass,Fail,NA,No
S0752,Randy Smith,Civil,8.45,No,No,Accenture,Analyst,2025,Fail,NA,NA,No
S0753,Nicole Nunez,Civil,9.2,No,No,Capgemini,Core,2023,Fail,NA,NA,No
S0754,Tamara May,ECE,6.65,No,Yes,EY,Analyst,2024,Fail,NA,NA,No
S0755,Jennifer Brown,CSE,6.56,No,No,Amazon,Core,2023,Fail,NA,NA,No
S0756,Mark Castro,ECE,6.69,Yes,Yes,Amazon,Tech,2023,Pass,Pass,Pass,Yes
S0757,Carmen Gray,ECE,7.4,Yes,Yes,Accenture,Analyst,2023,Pass,Pass,Pass,Yes
S0758,Patricia Santos,ECE,6.46,Yes,No,EY,Tech,2024,Fail,NA,NA,No
S0759,Lisa Garcia,IT,6.02,No,No,EY,Analyst,2025,Fail,NA,NA,No
S0760,Adam Myers,Civil,8.77,No,No,TCS,Core,2024,Fail,NA,NA,No
S0761,Blake Hernandez,IT,8.58,Yes,No,Infosys,Analyst,2025,Fail,NA,NA,No
S0762,Jeffrey Cabrera,Mechanical,7.36,No,Yes,Cognizant,Core,2023,Fail,NA,NA,No
S0763,Dr. Frederick Little DVM,IT,8.97,No,Yes,Infosys,Tech,2025,Fail,NA,NA,No
S0764,Anthony Smith,Electrical,8.55,Yes,No,Deloitte,Analyst,2024,Pass,Pass,Pass,Yes
S0765,Russell Terrell,Electrical,7.37,Yes,No,Accenture,Analyst,2024,Pass,Pass,Pass,Yes
S0766,Jackie Simpson,Mechanical,9.32,Yes,Yes,EY,Core,2024,Fail,NA,NA,No
S0767,Michelle King,ECE,6.62,No,No,Amazon,Core,2025,Pass,Pass,Pass,Yes
S0768,Marcus Hunt,Civil,9.75,Yes,No,TCS,Tech,2024,Pass,Pass,Pass,Yes
S0769,Colleen Evans,Mechanical,8.7,Yes,Yes,Amazon,Analyst,2024,Pass,Pass,Fail,No
S0770,Ariana Key PhD,Civil,7.15,No,Yes,Infosys,Tech,2023,Pass,Fail,NA,No
S0771,Charles Kennedy,Electrical,7.8,No,No,Amazon,Analyst,2025,Fail,NA,NA,No
S0772,Michael Howard,CSE,6.45,No,No,TCS,Core,2025,Pass,Fail,NA,No
S0773,Kenneth Briggs,Mechanical,9.3,No,Yes,Accenture,Core,2025,Pass,Fail,NA,No
S0774,Melissa Walker,IT,8.21,Yes,No,EY,Core,2023,Pass,Pass,Pass,Yes
S0775,Audrey Martin,Electrical,9.47,No,Yes,Capgemini,Analyst,2025,Pass,Pass,Pass,Yes
S0776,Cheryl Walker,Electrical,6.7,Yes,Yes,HCL,Analyst,2024,Fail,NA,NA,No
S0777,Justin White,Electrical,9.04,No,No,TCS,Core,2025,Pass,Pass,Pass,Yes
S0778,Mr. Robert Hardy,ECE,7.42,No,No,Accenture,Tech,2023,Pass,Fail,NA,No
S0779,Joseph Mcdaniel,IT,9.02,Yes,No,EY,Tech,2023,Fail,NA,NA,No
S0780,Gregory Bowman,CSE,7.82,No,No,Amazon,Analyst,2025,Pass,Fail,NA,No
S0781,Mr. Sean Lee,IT,8.7,Yes,Yes,Deloitte,Tech,2025,Pass,Pass,Pass,Yes
S0782,Elizabeth Vance,IT,9.73,No,Yes,TCS,Tech,2024,Fail,NA,NA,No
S0783,David Nelson,CSE,6.75,Yes,Yes,EY,Tech,2024,Pass,Pass,Pass,Yes
S0784,Sara Blake,CSE,8.97,Yes,Yes,Amazon,Core,2024,Pass,Pass,Fail,No
S0785,Jenny Kim,ECE,9.61,No,No,Amazon,Core,2025,Pass,Pass,Pass,Yes
S0786,Heather Avila,Civil,8.9,Yes,Yes,Capgemini,Tech,2025,Pass,Pass,Fail,No
S0787,Elizabeth Bowen,Civil,9.23,No,No,Cognizant,Tech,2024,Fail,NA,NA,No
S0788,Jessica Acosta,CSE,6.69,No,No,Wipro,Tech,2025,Pass,Pass,Fail,No
S0789,Monique Garcia,CSE,7.77,Yes,No,Accenture,Core,2024,Pass,Pass,Pass,Yes
S0790,Travis Thomas,CSE,7.46,No,No,EY,Tech,2025,Pass,Fail,NA,No
S0791,Jessica Brennan,Mechanical,6.72,Yes,No,Accenture,Tech,2023,Fail,NA,NA,No
S0792,Kayla Sandoval,Mechanical,8.55,No,No,HCL,Core,2025,Pass,Pass,Pass,Yes
S0793,John Porter,Civil,9.71,Yes,Yes,Accenture,Tech,2024,Pass,Pass,Pass,Yes
S0794,Christopher Clark,IT,9.18,No,No,Cognizant,Core,2024,Fail,NA,NA,No
S0795,Emily Griffin,Electrical,9.58,No,No,Cognizant,Analyst,2024,Pass,Pass,Pass,Yes
S0796,Kimberly Poole,CSE,6.95,No,Yes,Amazon,Tech,2023,Fail,NA,NA,No
S0797,Stephanie Lewis,CSE,7.89,Yes,Yes,Wipro,Core,2025,Pass,Pass,Fail,No
S0798,Stephanie Garcia,CSE,8.51,No,No,Deloitte,Analyst,2025,Pass,Fail,NA,No
S0799,Jose Obrien Jr.,Civil,7.31,Yes,Yes,Wipro,Tech,2024,Pass,Fail,NA,No
S0800,Kyle Nichols,Mechanical,7.75,Yes,Yes,HCL,Core,2024,Fail,NA,NA,No
S0801,Veronica Boyle,IT,7.87,Yes,No,Wipro,Analyst,2023,Pass,Pass,Fail,No
S0802,Michelle Becker,Civil,8.17,No,Yes,HCL,Tech,2024,Pass,Pass,Pass,Yes
S0803,Gregory Cordova,Electrical,7.34,No,No,Infosys,Tech,2025,Pass,Fail,NA,No
S0804,Karen Wallace,ECE,9.08,Yes,No,Wipro,Tech,2024,Pass,Pass,Pass,Yes
S0805,James Mercer,Electrical,6.93,Yes,No,Cognizant,Tech,2025,Pass,Pass,Pass,Yes
S0806,Ryan Osborne,CSE,8.05,Yes,No,Wipro,Core,2025,Fail,NA,NA,No
S0807,Anthony Lewis,ECE,6.08,No,Yes,Accenture,Analyst,2025,Pass,Fail,NA,No
S0808,Lucas Brown,Mechanical,6.38,Yes,No,EY,Core,2025,Pass,Fail,NA,No
S0809,Andrew Wallace,ECE,9.68,Yes,No,TCS,Core,2023,Pass,Pass,Fail,No
S0810,Mary Glenn,Mechanical,9.06,Yes,Yes,Cognizant,Analyst,2024,Pass,Pass,Pass,Yes
S0811,Chelsey Gray,IT,7.32,Yes,No,HCL,Analyst,2024,Fail,NA,NA,No
S0812,Mr. Jerry Ritter,ECE,6.76,No,No,Cognizant,Core,2024,Fail,NA,NA,No
S0813,Suzanne Walsh,Civil,6.69,Yes,Yes,Cognizant,Analyst,2023,Fail,NA,NA,No
S0814,Derek Harvey,Electrical,9.56,No,No,Cognizant,Core,2025,Pass,Pass,Pass,Yes
S0815,Casey Soto,IT,6.57,No,No,Wipro,Analyst,2023,Fail,NA,NA,No
S0816,Kylie Garcia,Mechanical,7.01,No,Yes,Capgemini,Core,2025,Pass,Pass,Pass,Yes
S0817,Laura Baker,CSE,6.93,No,No,EY,Core,2024,Pass,Fail,NA,No
S0818,Benjamin Petty,IT,6.61,Yes,Yes,Capgemini,Analyst,2025,Fail,NA,NA,No
S0819,Anthony Rivera,Electrical,9.24,No,Yes,Infosys,Tech,2024,Pass,Fail,NA,No
S0820,Amy West,Mechanical,9.41,Yes,No,Amazon,Tech,2023,Pass,Pass,Pass,Yes
S0821,Melody Payne,Electrical,9.15,No,No,TCS,Tech,2025,Pass,Fail,NA,No
S0822,Virginia Murphy,ECE,9.16,No,Yes,Wipro,Tech,2023,Pass,Pass,Pass,Yes
S0823,Jill Key,Mechanical,6.97,Yes,No,HCL,Analyst,2025,Fail,NA,NA,No
S0824,Brian Davis,ECE,8.07,No,Yes,Capgemini,Tech,2024,Pass,Pass,Pass,Yes
S0825,Autumn Mcmahon,Electrical,9.67,Yes,Yes,Deloitte,Analyst,2025,Pass,Pass,Fail,No
S0826,Carol Castillo,Electrical,6.46,Yes,No,Wipro,Tech,2024,Fail,NA,NA,No
S0827,Philip Grant,ECE,7.14,Yes,No,Deloitte,Tech,2024,Fail,NA,NA,No
S0828,Jerome Walker,Electrical,7.54,Yes,No,TCS,Analyst,2024,Fail,NA,NA,No
S0829,Rebecca Brown,ECE,8.73,Yes,Yes,Capgemini,Core,2023,Pass,Pass,Fail,No
S0830,Heather White,Electrical,7.24,Yes,Yes,Amazon,Core,2024,Fail,NA,NA,No
S0831,Dalton Odonnell,IT,6.01,Yes,No,Accenture,Core,2023,Pass,Pass,Fail,No
S0832,Denise Ortiz,Electrical,8.9,No,No,EY,Analyst,2025,Pass,Pass,Fail,No
S0833,Mackenzie Nelson,ECE,9.04,Yes,Yes,Wipro,Analyst,2023,Pass,Pass,Fail,No
S0834,Christopher Cook,Civil,6.85,Yes,Yes,TCS,Analyst,2023,Pass,Fail,NA,No
S0835,Javier Davila,CSE,7.52,No,No,Amazon,Tech,2024,Pass,Fail,NA,No
S0836,Justin Hansen,CSE,8.73,No,No,EY,Tech,2023,Fail,NA,NA,No
S0837,Jennifer Foster,IT,9.59,No,No,EY,Analyst,2023,Pass,Pass,Pass,Yes
S0838,Robert Black,ECE,8.76,Yes,No,Amazon,Analyst,2023,Pass,Fail,NA,No
S0839,Bradley Gibbs,IT,8.35,Yes,No,Cognizant,Core,2025,Pass,Pass,Pass,Yes
S0840,Benjamin Logan,ECE,9.7,No,Yes,Wipro,Core,2024,Fail,NA,NA,No
S0841,Adam Newton,ECE,6.28,Yes,Yes,Accenture,Tech,2024,Fail,NA,NA,No
S0842,Kerry Estes,Civil,9.57,Yes,Yes,Capgemini,Core,2025,Pass,Fail,NA,No
S0843,Richard Goodwin,Electrical,7.41,Yes,Yes,Capgemini,Tech,2025,Pass,Pass,Pass,Yes
S0844,Linda James,CSE,7.21,No,Yes,Capgemini,Tech,2024,Pass,Pass,Fail,No
S0845,Erin Anderson,ECE,8.84,No,No,Capgemini,Core,2024,Pass,Pass,Pass,Yes
S0846,Brian Ochoa,Electrical,9.78,Yes,No,Infosys,Tech,2023,Pass,Pass,Pass,Yes
S0847,Justin Kim,IT,8.68,No,Yes,EY,Tech,2024,Pass,Fail,NA,No
S0848,Austin Ellis,Mechanical,7.74,Yes,Yes,TCS,Analyst,2023,Pass,Pass,Fail,No
S0849,Christian Perez,Electrical,7.93,No,Yes,Cognizant,Tech,2025,Fail,NA,NA,No
S0850,Jeffery Brown,IT,7.58,Yes,Yes,EY,Core,2023,Fail,NA,NA,No
S0851,Wendy Smith,CSE,7.08,Yes,No,Accenture,Core,2023,Fail,NA,NA,No
S0852,Todd Mendoza,IT,6.11,No,No,EY,Core,2024,Fail,NA,NA,No
S0853,Amy Young,CSE,7.25,Yes,No,Accenture,Core,2025,Fail,NA,NA,No
S0854,Chris Avery,Civil,6.49,Yes,No,Accenture,Tech,2025,Pass,Fail,NA,No
S0855,Kelli Mckee,Mechanical,6.35,No,Yes,Deloitte,Analyst,2023,Pass,Pass,Pass,Yes
S0856,Jimmy Miranda,Mechanical,7.08,Yes,Yes,Capgemini,Analyst,2024,Fail,NA,NA,No
S0857,Anthony Drake,ECE,9.43,Yes,No,TCS,Analyst,2025,Pass,Pass,Pass,Yes
S0858,Ariel Miller,ECE,8.14,No,Yes,Wipro,Analyst,2025,Pass,Fail,NA,No
S0859,Carla Fuller,CSE,6.15,No,No,Deloitte,Core,2025,Fail,NA,NA,No
S0860,Brandon Herrera,Mechanical,8.0,Yes,No,EY,Analyst,2023,Fail,NA,NA,No
S0861,Gabrielle Ford,Mechanical,7.14,Yes,No,Deloitte,Core,2024,Pass,Pass,Pass,Yes
S0862,Jesse Roth,CSE,7.95,No,No,TCS,Analyst,2025,Fail,NA,NA,No
S0863,Sarah Beck,ECE,7.35,Yes,Yes,TCS,Core,2025,Pass,Fail,NA,No
S0864,Brandon Gould,Mechanical,6.17,No,No,Accenture,Core,2025,Pass,Fail,NA,No
S0865,Ashley Willis,Civil,9.07,No,Yes,Deloitte,Tech,2023,Fail,NA,NA,No
S0866,April Smith,Civil,6.99,Yes,No,HCL,Tech,2023,Pass,Pass,Fail,No
S0867,Duane Smith,Mechanical,8.63,No,No,Cognizant,Core,2024,Fail,NA,NA,No
S0868,Anna Stewart,Electrical,8.57,No,Yes,Amazon,Tech,2023,Pass,Fail,NA,No
S0869,Caleb Wood,Electrical,9.69,Yes,Yes,EY,Core,2023,Pass,Pass,Fail,No
S0870,Anthony Martinez,Civil,6.73,No,No,Amazon,Analyst,2024,Pass,Pass,Pass,Yes
S0871,Jeffrey Beck,Electrical,7.69,No,No,Infosys,Analyst,2025,Pass,Pass,Fail,No
S0872,Micheal Terry,Mechanical,6.19,Yes,Yes,Wipro,Analyst,2024,Fail,NA,NA,No
S0873,Destiny Rogers,Civil,8.78,No,Yes,EY,Analyst,2024,Pass,Fail,NA,No
S0874,Jacob Bradley,Electrical,9.44,No,Yes,Infosys,Core,2023,Pass,Pass,Pass,Yes
S0875,Timothy Marshall,Electrical,7.59,No,Yes,EY,Core,2025,Pass,Fail,NA,No
S0876,John Haley,CSE,6.61,Yes,No,Accenture,Analyst,2023,Pass,Fail,NA,No
S0877,Daniel Johnson,Electrical,7.29,No,Yes,Capgemini,Core,2025,Pass,Pass,Fail,No
S0878,Kathryn Brown,Electrical,8.79,No,Yes,Cognizant,Tech,2024,Fail,NA,NA,No
S0879,Robert Keller,CSE,8.53,Yes,Yes,Deloitte,Tech,2025,Pass,Fail,NA,No
S0880,David Ramirez,Mechanical,7.15,Yes,Yes,Infosys,Analyst,2024,Pass,Pass,Fail,No
S0881,Sean Evans,Civil,6.12,Yes,No,Wipro,Tech,2025,Pass,Fail,NA,No
S0882,James Murphy,Mechanical,6.98,No,No,Infosys,Core,2024,Fail,NA,NA,No
S0883,James Parker,Electrical,9.32,Yes,Yes,EY,Analyst,2023,Fail,NA,NA,No
S0884,Joanna Smith,Civil,8.32,Yes,Yes,HCL,Tech,2023,Fail,NA,NA,No
S0885,Frank Gilbert,IT,9.46,Yes,No,EY,Core,2024,Fail,NA,NA,No
S0886,Tina Mitchell,CSE,6.59,No,No,Amazon,Tech,2023,Pass,Fail,NA,No
S0887,Leah Sullivan,CSE,6.93,No,No,Capgemini,Core,2023,Pass,Fail,NA,No
S0888,Karen Ward,Mechanical,7.37,Yes,Yes,HCL,Analyst,2023,Pass,Pass,Fail,No
S0889,Peter Burton,Mechanical,9.62,No,Yes,EY,Tech,2023,Fail,NA,NA,No
S0890,Denise Romero,Civil,9.59,Yes,No,Accenture,Analyst,2023,Pass,Pass,Pass,Yes
S0891,Alexander Elliott,Electrical,6.57,Yes,No,Wipro,Analyst,2025,Fail,NA,NA,No
S0892,Amber Bryant,ECE,8.74,No,No,Infosys,Analyst,2025,Pass,Pass,Pass,Yes
S0893,Cindy Petty,Electrical,6.78,No,No,Wipro,Tech,2024,Pass,Fail,NA,No
S0894,Dr. Melissa Rodriguez MD,Mechanical,8.76,Yes,No,Deloitte,Tech,2025,Pass,Pass,Fail,No
S0895,Jenny Jones,IT,6.09,No,Yes,Capgemini,Core,2024,Fail,NA,NA,No
S0896,Katherine Garcia,CSE,8.78,No,No,HCL,Analyst,2023,Pass,Fail,NA,No
S0897,Steven Murray,CSE,7.71,Yes,No,Accenture,Tech,2025,Fail,NA,NA,No
S0898,Tracey Robinson,Civil,8.72,Yes,No,Capgemini,Analyst,2025,Fail,NA,NA,No
S0899,Barbara Smith,Electrical,8.18,Yes,No,HCL,Core,2023,Pass,Pass,Pass,Yes
S0900,Jerry Brown,ECE,7.73,Yes,No,Wipro,Tech,2023,Pass,Fail,NA,No
S0901,Debbie Watson,Mechanical,6.82,Yes,No,HCL,Analyst,2025,Fail,NA,NA,No
S0902,Carl Santos,Mechanical,9.31,No,No,EY,Core,2024,Fail,NA,NA,No
S0903,Shari Petersen,Mechanical,9.13,Yes,Yes,EY,Core,2024,Pass,Pass,Fail,No
S0904,Brandon Haney,CSE,8.64,No,No,Infosys,Core,2023,Fail,NA,NA,No
S0905,Shane Bender,ECE,9.5,Yes,No,TCS,Tech,2024,Pass,Pass,Pass,Yes
S0906,Phillip Mathis,ECE,7.16,No,No,Capgemini,Analyst,2023,Fail,NA,NA,No
S0907,Michael Robles,IT,8.98,No,Yes,Capgemini,Analyst,2023,Pass,Fail,NA,No
S0908,Jonathon Gibson,CSE,6.46,No,Yes,Infosys,Analyst,2024,Fail,NA,NA,No
S0909,Sabrina Hall,Civil,7.72,No,No,EY,Core,2025,Pass,Pass,Fail,No
S0910,Keith Taylor,Mechanical,8.54,Yes,No,TCS,Core,2025,Pass,Pass,Fail,No
S0911,Shawn Leon,ECE,8.06,No,No,TCS,Tech,2025,Pass,Fail,NA,No
S0912,Eric Ramos,Electrical,7.17,Yes,Yes,Deloitte,Core,2025,Fail,NA,NA,No
S0913,Mr. Elijah Pierce,CSE,9.64,Yes,No,HCL,Tech,2023,Pass,Pass,Fail,No
S0914,Jennifer Turner,ECE,8.99,Yes,No,TCS,Core,2025,Pass,Pass,Pass,Yes
S0915,Richard Brown,CSE,7.29,Yes,No,Infosys,Core,2024,Pass,Pass,Fail,No
S0916,Alyssa Hodges,Civil,6.64,Yes,Yes,Capgemini,Tech,2023,Pass,Pass,Pass,Yes
S0917,Tonya Powell,Civil,9.65,Yes,Yes,Infosys,Analyst,2024,Pass,Pass,Fail,No
S0918,Lynn Moore,ECE,7.43,Yes,Yes,Deloitte,Tech,2025,Fail,NA,NA,No
S0919,Eric Maldonado,Mechanical,7.93,No,Yes,Capgemini,Tech,2024,Pass,Pass,Pass,Yes
S0920,Melanie Mccann,Mechanical,8.41,Yes,No,HCL,Core,2025,Pass,Fail,NA,No
S0921,Vanessa Mitchell,Electrical,8.98,No,No,EY,Tech,2025,Pass,Fail,NA,No
S0922,David Farrell,IT,7.42,Yes,Yes,HCL,Analyst,2025,Pass,Pass,Pass,Yes
S0923,Alice Lee,Civil,7.1,Yes,Yes,Infosys,Analyst,2024,Fail,NA,NA,No
S0924,Sara Lewis,Electrical,7.44,No,Yes,Cognizant,Core,2024,Pass,Fail,NA,No
S0925,Brian Hunt,Civil,6.27,Yes,No,TCS,Tech,2025,Fail,NA,NA,No
S0926,Daniel Johnson,ECE,9.34,Yes,No,Accenture,Core,2024,Fail,NA,NA,No
S0927,David Rubio,Electrical,7.72,Yes,No,Accenture,Tech,2024,Fail,NA,NA,No
S0928,Barbara Villegas,ECE,6.06,Yes,Yes,Cognizant,Analyst,2023,Fail,NA,NA,No
S0929,Mark Lynch,Electrical,6.66,No,No,HCL,Tech,2025,Fail,NA,NA,No
S0930,Brian Reed,Civil,6.12,No,Yes,Accenture,Analyst,2025,Pass,Pass,Fail,No
S0931,Linda Faulkner,Electrical,9.74,Yes,No,Accenture,Tech,2024,Pass,Fail,NA,No
S0932,William Smith MD,ECE,8.59,No,Yes,TCS,Core,2025,Pass,Fail,NA,No
S0933,Melissa Brown,IT,9.72,No,Yes,Capgemini,Analyst,2025,Fail,NA,NA,No
S0934,Laurie Todd,IT,6.03,No,Yes,Capgemini,Core,2025,Pass,Fail,NA,No
S0935,William Blanchard,Electrical,8.81,Yes,Yes,Cognizant,Tech,2025,Pass,Pass,Fail,No
S0936,Ashley King,IT,9.35,No,Yes,Infosys,Core,2025,Pass,Pass,Fail,No
S0937,Margaret Perry,Mechanical,6.01,No,Yes,Accenture,Analyst,2024,Pass,Fail,NA,No
S0938,Robert Bell,Mechanical,7.88,Yes,Yes,Infosys,Analyst,2024,Pass,Pass,Pass,Yes
S0939,Michael Hanson,ECE,6.31,Yes,Yes,Wipro,Tech,2023,Pass,Pass,Pass,Yes
S0940,Robert Reed,Electrical,6.37,No,No,Infosys,Core,2025,Fail,NA,NA,No
S0941,Haley Bowen,ECE,6.94,No,Yes,Accenture,Tech,2024,Pass,Pass,Pass,Yes
S0942,Russell Medina,Civil,8.35,Yes,No,Cognizant,Tech,2023,Fail,NA,NA,No
S0943,Jean Hamilton,CSE,7.43,Yes,Yes,Infosys,Analyst,2023,Pass,Pass,Pass,Yes
S0944,James Graham,Electrical,6.21,Yes,No,Wipro,Analyst,2023,Fail,NA,NA,No
S0945,Nicole Robbins,Mechanical,6.89,Yes,No,Wipro,Analyst,2024,Fail,NA,NA,No
S0946,Angela Collins,Civil,6.38,Yes,No,HCL,Analyst,2025,Pass,Pass,Fail,No
S0947,Jennifer Ellis,CSE,8.25,Yes,Yes,HCL,Analyst,2024,Pass,Pass,Pass,Yes
S0948,Angela Gray,IT,6.52,Yes,Yes,Amazon,Analyst,2025,Pass,Fail,NA,No
S0949,Tracie Walker,ECE,7.18,Yes,Yes,EY,Analyst,2025,Pass,Pass,Pass,Yes
S0950,Gabriel Brown,Civil,8.5,Yes,Yes,Deloitte,Core,2025,Fail,NA,NA,No
S0951,Michael Leon,Mechanical,7.31,Yes,Yes,TCS,Analyst,2023,Fail,NA,NA,No
S0952,Lawrence Davis,Electrical,8.63,No,No,Cognizant,Core,2024,Pass,Pass,Pass,Yes
S0953,Amy Buck,Mechanical,9.33,Yes,No,Deloitte,Tech,2025,Pass,Pass,Fail,No
S0954,Mike Brooks,IT,7.83,No,No,Deloitte,Analyst,2023,Fail,NA,NA,No
S0955,Thomas Francis,CSE,7.38,Yes,No,Infosys,Core,2023,Pass,Pass,Fail,No
S0956,Diane Jackson,ECE,6.17,Yes,Yes,Deloitte,Analyst,2023,Pass,Pass,Pass,Yes
S0957,Cody Collins,Civil,6.93,Yes,Yes,Amazon,Analyst,2023,Pass,Fail,NA,No
S0958,David Leonard,Mechanical,8.49,Yes,No,Deloitte,Analyst,2024,Pass,Fail,NA,No
S0959,Ashley Robinson,Electrical,6.65,No,Yes,TCS,Tech,2023,Fail,NA,NA,No
S0960,James Coleman,IT,8.02,No,No,Cognizant,Analyst,2025,Pass,Pass,Fail,No
S0961,Kelsey Curry,IT,9.25,No,Yes,Accenture,Tech,2023,Pass,Pass,Pass,Yes
S0962,Thomas Kelly,Civil,9.68,No,Yes,TCS,Analyst,2025,Pass,Pass,Pass,Yes
S0963,David Davis,Electrical,8.85,No,No,HCL,Analyst,2023,Pass,Pass,Fail,No
S0964,Andrea Hodges,Electrical,9.63,No,No,Cognizant,Analyst,2025,Fail,NA,NA,No
S0965,Paul Simpson,Civil,8.47,Yes,Yes,Deloitte,Analyst,2023,Pass,Pass,Fail,No
S0966,Susan Pena,Civil,6.6,No,No,HCL,Tech,2023,Fail,NA,NA,No
S0967,Elizabeth Rodriguez,ECE,7.69,No,Yes,Cognizant,Tech,2024,Pass,Pass,Pass,Yes
S0968,Keith Johnson,Mechanical,7.55,No,No,Capgemini,Analyst,2023,Pass,Pass,Fail,No
S0969,Eric Johnston,ECE,9.43,No,Yes,Capgemini,Tech,2023,Pass,Pass,Pass,Yes
S0970,James Peters,ECE,6.75,No,No,Capgemini,Core,2025,Fail,NA,NA,No
S0971,Aaron Gibbs,IT,8.68,Yes,No,Infosys,Analyst,2024,Fail,NA,NA,No
S0972,Richard Williams,Mechanical,9.59,Yes,No,HCL,Tech,2024,Pass,Fail,NA,No
S0973,John Williams,IT,7.8,No,No,Accenture,Tech,2024,Fail,NA,NA,No
S0974,Lori Cruz,Mechanical,8.93,No,Yes,EY,Analyst,2025,Pass,Pass,Fail,No
S0975,Makayla Graves,ECE,9.58,Yes,No,Accenture,Analyst,2023,Pass,Pass,Pass,Yes
S0976,Gregory Brewer,Electrical,8.04,No,Yes,Cognizant,Tech,2023,Pass,Fail,NA,No
S0977,Billy Simon,ECE,8.16,No,No,Deloitte,Analyst,2023,Pass,Pass,Pass,Yes
S0978,Christian Roberts,Civil,9.66,No,Yes,Amazon,Tech,2025,Pass,Pass,Fail,No
S0979,Brent Butler,Mechanical,6.1,Yes,Yes,Wipro,Analyst,2023,Pass,Fail,NA,No
S0980,Margaret Carroll,CSE,7.73,No,Yes,Amazon,Analyst,2024,Pass,Fail,NA,No
S0981,Barbara Smith,IT,8.04,No,Yes,Wipro,Tech,2023,Fail,NA,NA,No
S0982,Eric Mann,ECE,7.64,No,Yes,Cognizant,Core,2024,Fail,NA,NA,No
S0983,Alexander Warren,Civil,8.72,No,No,Deloitte,Tech,2023,Pass,Fail,NA,No
S0984,Linda Black,Civil,9.07,No,No,EY,Analyst,2025,Pass,Pass,Fail,No
S0985,Virginia Davis,Mechanical,7.32,No,No,Cognizant,Tech,2024,Pass,Fail,NA,No
S0986,Sheri Benson,Electrical,7.64,No,Yes,Cognizant,Tech,2024,Fail,NA,NA,No
S0987,Karl Harris,CSE,6.91,Yes,No,HCL,Analyst,2025,Fail,NA,NA,No
S0988,Jennifer Reid,Electrical,8.76,Yes,No,Wipro,Core,2023,Fail,NA,NA,No
S0989,Tonya Rhodes,CSE,8.87,No,No,EY,Tech,2024,Pass,Pass,Pass,Yes
S0990,John Navarro,Electrical,8.64,No,No,Accenture,Core,2024,Fail,NA,NA,No
S0991,Belinda Lawson,Mechanical,6.14,No,Yes,Amazon,Analyst,2025,Fail,NA,NA,No
S0992,Dustin Rogers,Mechanical,7.75,Yes,Yes,EY,Tech,2024,Fail,NA,NA,No
S0993,Kathryn Harper,IT,6.65,Yes,Yes,Amazon,Analyst,2023,Fail,NA,NA,No
S0994,Richard Wilson,Mechanical,6.64,Yes,No,Amazon,Analyst,2024,Pass,Fail,NA,No
S0995,Jessica Ward,Electrical,8.02,No,Yes,HCL,Core,2025,Fail,NA,NA,No
S0996,Tina Morris,CSE,7.48,No,No,Infosys,Core,2023,Pass,Pass,Pass,Yes
S0997,William Powell,IT,7.42,Yes,Yes,TCS,Tech,2024,Pass,Pass,Fail,No
S0998,Mike Monroe,Electrical,8.54,Yes,Yes,Amazon,Core,2023,Pass,Pass,Fail,No
S0999,Jessica Schmidt,ECE,8.14,Yes,Yes,HCL,Analyst,2024,Pass,Pass,Pass,Yes
S1000,Samantha Mann,IT,6.06,No,Yes,Wipro,Tech,2024,Pass,Fail,NA,No
